auth_no,name,animal_type,latitude,longitude,digester,total,milking,other,type,id,distance,mean_temp,mean_temp_c,temp,dairy_manure_factor,other_manure_factor,enteric_methane,manure_methane,total_methane
TXG920007,Milk Harvest Dairy,5700 TOTAL DAIRY CATTLE OF WHICH 2750 ARE MILKING DAIRY CATTLE,34.022222,-102.43972,FALSE,5700,2750,2950,Dairy,LLN,32.60427245,66.48550145,19.15861192,19,74,2,568.3,209.4,778
TXG920008,Adolfo Tapia Dairy,5150 TOTAL DAIRY CATTLE OF WHICH 1550 ARE MILKING DAIRY CATTLE,31.380166,-100.155845,FALSE,5150,1550,3600,Dairy,SJT,20.14529017,66.7340185,19.29667694,19,74,2,444.3,121.9,566
TXG920025,Fluit Dairy,2000 TOTAL DAIRY CATTLE OF WHICH 1600 ARE MILKING DAIRY CATTLE,32.16,-98.375,FALSE,2000,1600,400,Dairy,SEP,12.17493785,66.59409346,19.21894081,19,74,2,246.4,119.2,366
TXG920030,Simpson Dairy,1200 TOTAL DAIRY CATTLE OF WHICH 1200 ARE MILKING DAIRY CATTLE,31.766666,-98.966666,FALSE,1200,1200,0,Dairy,BWD,1.950463523,61.51640022,16.39800012,16,65,2,165.6,78,244
TXG920039,Pleasant Hill West,699 TOTAL DAIRY CATTLE OF WHICH 675 ARE MILKING DAIRY CATTLE,33.100966,-95.319316,FALSE,699,675,24,Dairy,SLR,17.90306446,66.23101631,19.01723128,19,74,2,94.686,49.998,145
TXG920040,Triple X Dairy,6896 TOTAL DAIRY CATTLE OF WHICH 4000 ARE MILKING DAIRY CATTLE,31.854444,-98.578611,FALSE,6896,4000,2896,Dairy,MKN,4.6886002,65.69135808,18.71742115,19,74,2,737.344,301.792,1039
TXG920041,Simpson Ranch Feedyard,CATTLE (BEEF) - 7500,31.684333,-100.33033,FALSE,7500,0,7500,Other,SJT,24.89484246,66.7340185,19.29667694,19,74,2,480,15,495
TXG920043,5 Star Dairy,5000 TOTAL DAIRY CATTLE OF WHICH 2200 ARE MILKING DAIRY CATTLE,34.016666,-102.45833,FALSE,5000,2200,2800,Dairy,LLN,32.37012009,66.48550145,19.15861192,19,74,2,482.8,168.4,651
TXG920046,Borderland Feeders,CATTLE (BEEF) - 8000,31.536388,-106.18527,FALSE,8000,0,8000,Other,ELP,22.00766178,66.90062527,19.38923626,19,74,2,512,16,528
TXG920057,Bouma Dairy,1200 TOTAL DAIRY CATTLE OF WHICH 1200 ARE MILKING DAIRY CATTLE,32.980666,-95.328666,FALSE,1200,1200,0,Dairy,JDD,19.11284882,65.61417063,18.67453924,19,74,2,165.6,88.8,254
TXG920060,Tom Osterkamp Dairy,5000 TOTAL DAIRY CATTLE OF WHICH 2700 ARE MILKING DAIRY CATTLE,34.566666,-102.51666,FALSE,5000,2700,2300,Dairy,HRX,22.80129292,59.51125716,15.28403176,15,63,2,519.8,174.7,694
TXG920061,Osterkamp Dairy West,6600 TOTAL DAIRY CATTLE OF WHICH 3000 ARE MILKING DAIRY CATTLE,34.577,-102.5384,FALSE,6600,3000,3600,Dairy,HRX,22.80645808,59.51125716,15.28403176,15,63,2,644.4,196.2,841
TXG920068,Amelia Dairy,1475 TOTAL DAIRY CATTLE OF WHICH 1475 ARE MILKING DAIRY CATTLE,33.957833,-95.263166,FALSE,1475,1475,0,Dairy,PRX,24.63029285,63.79643625,17.66468681,18,71,2,203.55,104.725,308
TXG920073,Rafter 3 Feedyard,CATTLE (BEEF) - 90000,34.506388,-102.40694,FALSE,90000,0,90000,Other,HRX,24.65080966,59.51125716,15.28403176,15,63,2,5760,180,5940
TXG920081,JD Myrick Feedyard,CATTLE (BEEF) - 29500,34.428888,-102.06305,FALSE,29500,0,29500,Other,PVW,26.72217676,58.9138641,14.95214672,15,63,2,1888,59,1947
TXG920086,Billy Lasater Dairy,1498 TOTAL DAIRY CATTLE OF WHICH 1200 ARE MILKING DAIRY CATTLE,31.700833,-98.310833,FALSE,1498,1200,298,Dairy,MNZ,9.853932781,67.06540324,19.48077958,19,74,2,184.672,89.396,274
TXG920090,Lageschaar Dairy,999 TOTAL DAIRY CATTLE OF WHICH 996 ARE MILKING DAIRY CATTLE,33.0585,-95.345666,FALSE,999,996,3,Dairy,SLR,17.38033424,66.23101631,19.01723128,19,74,2,137.64,73.71,211
TXG920095,Heath Hogan Dairy,500 TOTAL DAIRY CATTLE OF WHICH 500 ARE MILKING DAIRY CATTLE,32.301666,-97.461666,FALSE,500,500,0,Dairy,CPT,3.943026595,67.23070127,19.57261182,20,78,2,69,39,108
TXG920108,T & S Dairy,2621 TOTAL DAIRY CATTLE OF WHICH 2621 ARE MILKING DAIRY CATTLE,32.761905,-95.170065,FALSE,2621,2621,0,Dairy,JXI,13.50884875,65.59066457,18.66148032,19,74,2,361.698,193.954,556
TXG920114,Mayfield Dairy,999 TOTAL DAIRY CATTLE OF WHICH 999 ARE MILKING DAIRY CATTLE,32.2225,-98.401111,FALSE,999,999,0,Dairy,SEP,13.09745648,66.59409346,19.21894081,19,74,2,137.862,73.926,212
TXG920117,Still Meadow Dairy,8999 TOTAL DAIRY CATTLE OF WHICH 4999 ARE MILKING DAIRY CATTLE,33.080833,-95.41,FALSE,8999,4999,4000,Dairy,SLR,13.34416153,66.23101631,19.01723128,19,74,2,945.862,377.926,1324
TXG920125,David Whitaker Feedlot,CATTLE (BEEF) - 3000,35.253611,-101.68444,FALSE,3000,0,3000,Other,AMA,2.655418321,57.48845192,14.16025106,14,58,1,192,3,195
TXG920133,Van Rijn Dairy 1,699 TOTAL DAIRY CATTLE OF WHICH 550 ARE MILKING DAIRY CATTLE,33.1255,-95.338383,FALSE,699,550,149,Dairy,SLR,16.4990633,66.23101631,19.01723128,19,74,2,85.436,40.998,126
TXG920136,Pleasant Hill Dairy,990 TOTAL DAIRY CATTLE OF WHICH 990 ARE MILKING DAIRY CATTLE,33.1,-95.283333,FALSE,990,990,0,Dairy,OSA,18.6767966,64.72328178,18.17960099,18,71,2,136.62,70.29,207
TXG920137,Van Rijn Dairy 3,699 TOTAL DAIRY CATTLE OF WHICH 699 ARE MILKING DAIRY CATTLE,33.089,-95.419,FALSE,699,699,0,Dairy,SLR,12.64082663,66.23101631,19.01723128,19,74,2,96.462,51.726,148
TXG920140,Hanna Dairy,650 TOTAL DAIRY CATTLE OF WHICH 650 ARE MILKING DAIRY CATTLE,32.456666,-97.474666,FALSE,650,650,0,Dairy,CPT,7.484032848,67.23070127,19.57261182,20,78,2,89.7,50.7,140
TXG920145,Hyman Farms,CATTLE (BEEF) - 7500,34.383333,-102.3475,FALSE,7500,0,7500,Other,HRX,32.72471551,59.51125716,15.28403176,15,63,2,480,15,495
TXG920146,Owl Feedyard 1,CATTLE (BEEF) - 2500,34.821388,-102.36916,FALSE,2500,0,2500,Other,HRX,3.4911581,59.51125716,15.28403176,15,63,2,160,5,165
TXG920147,Owl Feedyard 2,CATTLE (BEEF) - 4000,34.82,-102.35416,FALSE,4000,0,4000,Other,HRX,3.043299243,59.51125716,15.28403176,15,63,2,256,8,264
TXG920150,Overwhere Dairy,1784 TOTAL DAIRY CATTLE OF WHICH 1784 ARE MILKING DAIRY CATTLE,32.009716,-98.431,FALSE,1784,1784,0,Dairy,MKN,11.69403309,65.69135808,18.71742115,19,74,2,246.192,132.016,378
TXG920152,Hoekman Dairy,5500 TOTAL DAIRY CATTLE OF WHICH 4200 ARE MILKING DAIRY CATTLE,31.896388,-98.374166,FALSE,5500,4200,1300,Dairy,MKN,13.3724355,65.69135808,18.71742115,19,74,2,662.8,313.4,976
TXG920157,Ogle Cattle,CATTLE (BEEF) - 2999,33.566666,-97.883333,FALSE,2999,0,2999,Other,0F2,6.668311907,63.679886,17.59993667,18,71,2,191.936,5.998,198
TXG920163,Steenbeek Dairy,425 TOTAL DAIRY CATTLE OF WHICH 400 ARE MILKING DAIRY CATTLE,33.12493,-95.3869,FALSE,425,400,25,Dairy,SLR,13.72852092,66.23101631,19.01723128,19,74,2,56.8,29.65,86
TXG920164,Kings X Dairy,4000 TOTAL DAIRY CATTLE OF WHICH 2500 ARE MILKING DAIRY CATTLE,32.1575,-97.104444,FALSE,4000,2500,1500,Dairy,INJ,5.108846451,67.18781528,19.54878626,20,78,2,441,198,639
TXG920173,DSM Dairy Star,1200 TOTAL DAIRY CATTLE OF WHICH 800 ARE MILKING DAIRY CATTLE,31.440833,-98.376944,FALSE,1200,800,400,Dairy,MNZ,20.5411112,67.06540324,19.48077958,19,74,2,136,60,196
TXG920189,Tex Stein Dairy,3000 TOTAL DAIRY CATTLE OF WHICH 1500 ARE MILKING DAIRY CATTLE,33.5625,-98.443666,FALSE,3000,1500,1500,Dairy,CWC,20.53217597,62.89803913,17.16557729,17,68,2,303,105,408
TXG920191,Palo Duro Feeders,CATTLE (BEEF) - 37000,36.127777,-101.43611,FALSE,37000,0,37000,Other,E42,14.95779672,57.33552132,14.07528962,14,58,1,2368,37,2405
TXG920203,Dempsey Dairy,600 TOTAL DAIRY CATTLE OF WHICH 600 ARE MILKING DAIRY CATTLE,32.263833,-98.4245,FALSE,600,600,0,Dairy,SEP,14.83620706,66.59409346,19.21894081,19,74,2,82.8,44.4,127
TXG920209,Gibson Feedlot,CATTLE (BEEF) - 1400,32.084833,-98.2705,FALSE,1400,0,1400,Other,SEP,10.51009453,66.59409346,19.21894081,19,74,2,89.6,2.8,92
TXG920211,Jochum Schievink Dairy,1200 TOTAL DAIRY CATTLE OF WHICH 950 ARE MILKING DAIRY CATTLE,31.960333,-98.238666,FALSE,1200,950,250,Dairy,SEP,17.93061869,66.59409346,19.21894081,19,74,2,147.1,70.8,218
TXG920214,Cal Tex Feed Yard,CATTLE (BEEF) - 40000,32.5165,-100.09083,FALSE,40000,0,40000,Other,DYS,15.26696686,65.6606402,18.70035567,19,74,2,2560,80,2640
TXG920216,Fox Dairy,10000 TOTAL DAIRY CATTLE OF WHICH 5000 ARE MILKING DAIRY CATTLE,34.180833,-101.87805,FALSE,10000,5000,5000,Dairy,PVW,9.248096033,58.9138641,14.95214672,15,63,2,1010,325,1335
TXG920222,Barrett Crofoot East,CATTLE (BEEF) - 100000,34.766666,-102.5,FALSE,100000,0,100000,Other,HRX,11.69723365,59.51125716,15.28403176,15,63,2,6400,200,6600
TXG920223,J & S Dairies,4400 TOTAL DAIRY CATTLE OF WHICH 2200 ARE MILKING DAIRY CATTLE,34.252777,-102.81944,FALSE,4400,2200,2200,Dairy,HRX,50.29466902,59.51125716,15.28403176,15,63,2,444.4,143,587
TXG920229,Howell Cattle,CATTLE (BEEF) - 17000,27.353333,-98.221388,FALSE,17000,0,17000,Other,BKS,11.83348972,71.52529336,21.95849631,22,85,2,1088,34,1122
TXG920235,Champion Feeders,CATTLE (BEEF) - 52000,34.813888,-102.34583,FALSE,52000,0,52000,Other,HRX,3.219245206,59.51125716,15.28403176,15,63,2,3328,104,3432
TXG920237,Holy Cow Dairy,699 TOTAL DAIRY CATTLE OF WHICH 500 ARE MILKING DAIRY CATTLE,31.779444,-98.428333,FALSE,699,500,199,Dairy,MKN,13.98975213,65.69135808,18.71742115,19,74,2,81.736,37.398,119
TXG920243,Hefley Feeders,CATTLE (BEEF) - 20000,35.663888,-100.45072,FALSE,20000,0,20000,Other,HHF,16.14856392,59.02858747,15.01588193,15,63,2,1280,40,1320
TXG920253,Northside Farms,31000 TOTAL DAIRY CATTLE OF WHICH 6500 ARE MILKING DAIRY CATTLE,35.943611,-102.26888,FALSE,31000,6500,24500,Dairy,DUX,15.51986101,56.49627032,13.60903906,14,58,1,2465,401.5,2866
TXG920259,Santa Fe Feeders,CATTLE (BEEF) - 12000,26.8125,-98.111111,FALSE,12000,0,12000,Other,EBG,25.5395875,72.52913921,22.51618845,23,89,2,768,24,792
TXG920267,Bosma Dairy,2960 TOTAL DAIRY CATTLE OF WHICH 1200 ARE MILKING DAIRY CATTLE,31.981166,-98.883333,FALSE,2960,1200,1760,Dairy,BWD,13.61975317,61.51640022,16.39800012,16,65,2,278.24,81.52,360
TXG920268,Van Dieden Dairy,1165 TOTAL DAIRY CATTLE OF WHICH 1165 ARE MILKING DAIRY CATTLE,33.066666,-95.3,FALSE,1165,1165,0,Dairy,SLR,19.64133164,66.23101631,19.01723128,19,74,2,160.77,86.21,247
TXG920274,Beukeboom Dairy,1865 TOTAL DAIRY CATTLE OF WHICH 1865 ARE MILKING DAIRY CATTLE,32.048055,-98.358055,FALSE,1865,1865,0,Dairy,SEP,15.64287808,66.59409346,19.21894081,19,74,2,257.37,138.01,395
TXG920279,Carrizo Cattle Feedlot,CATTLE (BEEF) - 18268,28.569166,-99.746111,FALSE,18268,0,18268,Other,CZT,5.715227271,62.52503371,16.95835206,17,68,2,1169.152,36.536,1206
TXG920281,Chaparral Feeders,CATTLE (BEEF) - 10000,29.1275,-99.669166,FALSE,10000,0,10000,Other,UVA,7.318905149,69.61669545,20.89816414,21,81,2,640,20,660
TXG920284,Diamond Cattle Feeders,CATTLE (BEEF) - 20000,34.746111,-102.40166,FALSE,20000,0,20000,Other,HRX,8.80555216,59.51125716,15.28403176,15,63,2,1280,40,1320
TXG920287,Lipan Cattle Feeders,CATTLE (BEEF) - 26000,31.491666,-100.28166,FALSE,26000,0,26000,Other,SJT,15.87124616,66.7340185,19.29667694,19,74,2,1664,52,1716
TXG920291,Newtex Feedyard,CATTLE (BEEF) - 45000,34.533764,-102.704308,FALSE,45000,0,45000,Other,HRX,31.01071072,59.51125716,15.28403176,15,63,2,2880,90,2970
TXG920292,Perry Feeders,CATTLE (BEEF) - 6000,29.008888,-98.434166,FALSE,6000,0,6000,Other,PEZ,6.418605014,71.79367578,22.10759766,22,85,2,384,12,396
TXG920294,Shearrer Feedlot,CATTLE (BEEF) - 2500,29.040277,-98.503611,FALSE,2500,0,2500,Other,PEZ,6.011176514,71.79367578,22.10759766,22,85,2,160,5,165
TXG920295,Brand Dairy,3200 TOTAL DAIRY CATTLE OF WHICH 2700 ARE MILKING DAIRY CATTLE,31.766666,-98.366666,FALSE,3200,2700,500,Dairy,MNZ,14.59667643,67.06540324,19.48077958,19,74,2,404.6,200.8,605
TXG920297,Indian Ridge Dairy,4800 TOTAL DAIRY CATTLE OF WHICH 4800 ARE MILKING DAIRY CATTLE,31.858611,-98.605,FALSE,4800,4800,0,Dairy,MKN,4.23994209,65.69135808,18.71742115,19,74,2,662.4,355.2,1018
TXG920299,Dublin Dutch Dairy,5200 TOTAL DAIRY CATTLE OF WHICH 3100 ARE MILKING DAIRY CATTLE,31.9725,-98.303055,FALSE,5200,3100,2100,Dairy,MKN,17.81645149,65.69135808,18.71742115,19,74,2,562.2,233.6,796
TXG920307,Potter Feedlot,CATTLE (BEEF) - 7500,36.191111,-102.71944,FALSE,7500,0,7500,Other,DHT,15.0925591,55.54575163,13.08097313,13,55,1,480,7.5,488
TXG920308,Texas Beef Producers Feedyard,CATTLE (BEEF) - 82500,35.935833,-101.803055,FALSE,82500,0,82500,Other,DUX,12.94238693,56.49627032,13.60903906,14,58,1,5280,82.5,5362
TXG920309,TJ Dairy,8800 TOTAL DAIRY CATTLE OF WHICH 3600 ARE MILKING DAIRY CATTLE,33.992222,-102.42305,FALSE,8800,3600,5200,Dairy,LLN,30.44560165,66.48550145,19.15861192,19,74,2,829.6,276.8,1106
TXG920314,White River Ranch,15300 TOTAL DAIRY CATTLE OF WHICH 7000 ARE MILKING DAIRY CATTLE,34.3625,-102.22055,FALSE,15300,7000,8300,Dairy,PVW,31.76005958,58.9138641,14.95214672,15,63,2,1497.2,457.6,1955
TXG920319,Mark Cates,CATTLE (BEEF) - 15700,36.4525,-100.22166,FALSE,15700,0,15700,Other,PYX,29.55696499,56.45306658,13.58503699,14,58,1,1004.8,15.7,1020
TXG920330,Bar G Feedyard,CATTLE (BEEF) - 100000,34.721111,-102.51194,FALSE,100000,0,100000,Other,HRX,14.14367746,59.51125716,15.28403176,15,63,2,6400,200,6600
TXG920331,Bar G 2 Feedyard,CATTLE (BEEF) - 60000,34.707777,-102.49333,FALSE,60000,0,60000,Other,HRX,14.03590829,59.51125716,15.28403176,15,63,2,3840,120,3960
TXG920333,Bezner Beef,CATTLE (BEEF) - 39980,36.162269,-102.872025,FALSE,39980,0,39980,Other,DHT,20.5667421,55.54575163,13.08097313,13,55,1,2558.72,39.98,2599
TXG920334,Gene Bradley Feedyard,CATTLE (BEEF) - 12000,34.462777,-102.40777,FALSE,12000,0,12000,Other,HRX,27.61818102,59.51125716,15.28403176,15,63,2,768,24,792
TXG920337,Circle Three Feedyard,CATTLE (BEEF) - 30000,34.741944,-102.46055,FALSE,30000,0,30000,Other,HRX,11.04128571,59.51125716,15.28403176,15,63,2,1920,60,1980
TXG920338,Rogers And Sons,CATTLE (BEEF) - 33000,34.461944,-102.407777,FALSE,33000,0,33000,Other,HRX,27.67485737,59.51125716,15.28403176,15,63,2,2112,66,2178
TXG920341,Dettles Coldwater Creek Cattle,CATTLE (BEEF) - 20000,36.317777,-102.12666,FALSE,20000,0,20000,Other,DHT,31.09926234,55.54575163,13.08097313,13,55,1,1280,20,1300
TXG920342,MC6 Cattle Feeders,CATTLE (BEEF) - 82500,35.025277,-102.37361,FALSE,82500,0,82500,Other,HRX,11.85446168,59.51125716,15.28403176,15,63,2,5280,165,5445
TXG920344,Kenneth Christie Feedlot,CATTLE (BEEF) - 10000,34.702,-102.524,FALSE,10000,0,10000,Other,HRX,15.54246973,59.51125716,15.28403176,15,63,2,640,20,660
TXG920346,Pringle Dairy,7560 TOTAL DAIRY CATTLE OF WHICH 3360 ARE MILKING DAIRY CATTLE,35.948333,-101.48944,FALSE,7560,3360,4200,Dairy,BGD,17.88747173,60.77940631,15.98855906,16,65,2,732.48,226.8,959
TXG920352,XCL Cattle Feeders,CATTLE (BEEF) - 6500,34.822777,-102.51527,FALSE,6500,0,6500,Other,HRX,11.00095929,59.51125716,15.28403176,15,63,2,416,13,429
TXG920353,Youngblood Feedyard,CATTLE (BEEF) - 3000,35.478333,-100.80333,FALSE,3000,0,3000,Other,PPA,14.29518815,59.64590297,15.35883498,15,63,2,192,6,198
TXG920355,Freeman Feedlot,CATTLE (BEEF) - 35000,36.46,-101.63,FALSE,35000,0,35000,Other,E42,29.35541798,57.33552132,14.07528962,14,58,1,2240,35,2275
TXG920357,Mission Dairy,26000 TOTAL DAIRY CATTLE OF WHICH 14000 ARE MILKING DAIRY CATTLE,35.048611,-102.375,FALSE,26000,14000,12000,Dairy,HRX,13.44219957,59.51125716,15.28403176,15,63,2,2700,906,3606
TXG920360,Kirkland Feedyard,CATTLE (BEEF) - 30000,35.275,-102.43055,FALSE,30000,0,30000,Other,HRX,29.3622407,59.51125716,15.28403176,15,63,2,1920,60,1980
TXG920374,Legacy Farms,17300 TOTAL DAIRY CATTLE OF WHICH 7000 ARE MILKING DAIRY CATTLE,34.159722,-101.635,FALSE,17300,7000,10300,Dairy,PVW,4.753277067,58.9138641,14.95214672,15,63,2,1625.2,461.6,2087
TXG920378,Brown Cattle Feeders,CATTLE (BEEF) - 8500,34.958653,-102.937614,FALSE,8500,0,8500,Other,HRX,35.39819451,59.51125716,15.28403176,15,63,2,544,17,561
TXG920382,MGM Cattle Feedlot,CATTLE (BEEF) - 5000,29.645833,-97.791666,FALSE,5000,0,5000,Other,SEQ,8.92571657,68.67195296,20.3733072,20,78,2,320,10,330
TXG920395,Texana Feeders,CATTLE (BEEF) - 15000,29.227777,-98.1075,FALSE,15000,0,15000,Other,SSF,23.20402101,71.95510299,22.19727944,22,85,2,960,30,990
TXG920404,Starr Feedyards,CATTLE (BEEF) - 20000,26.542777,-98.604722,FALSE,20000,0,20000,Other,EBG,30.69013914,72.52913921,22.51618845,23,89,2,1280,40,1320
TXG920426,Double S Dairies,16000 TOTAL DAIRY CATTLE OF WHICH 6000 ARE MILKING DAIRY CATTLE,35.928055,-102.33527,FALSE,16000,6000,10000,Dairy,DHT,13.55190755,55.54575163,13.08097313,13,55,1,1468,340,1808
TXG920440,Hansford County Feeders,CATTLE (BEEF) - 90000,36.286944,-101.29194,FALSE,90000,0,90000,Other,E42,7.091103115,57.33552132,14.07528962,14,58,1,5760,90,5850
TXG920604,Hartley Feeders,CATTLE (BEEF) - 78000,35.849444,-102.46166,FALSE,78000,0,78000,Other,DHT,12.8668642,55.54575163,13.08097313,13,55,1,4992,78,5070
TXG920605,XIT Feeders,CATTLE (BEEF) - 80000,35.986666,-102.62055,FALSE,80000,0,80000,Other,DHT,4.794107964,55.54575163,13.08097313,13,55,1,5120,80,5200
TXG920606,Coronado Feeders,CATTLE (BEEF) - 80000,36.091666,-102.3,FALSE,80000,0,80000,Other,DHT,14.6402019,55.54575163,13.08097313,13,55,1,5120,80,5200
TXG920609,King Ranch,CATTLE (BEEF) - 20000,27.5,-97.973611,FALSE,20000,0,20000,Other,IKG,4.964894148,70.95736545,21.6429808,22,85,2,1280,40,1320
TXG920610,Driskill Feed Yard,CATTLE (BEEF) - 5000,29.352777,-99.494444,FALSE,5000,0,5000,Other,UVA,17.9219243,69.61669545,20.89816414,21,81,2,320,10,330
TXG920611,Rio Beef Feedyard,CATTLE (BEEF) - 20000,26.543333,-97.985555,FALSE,20000,0,20000,Other,EBG,10.98465161,72.52913921,22.51618845,23,89,2,1280,40,1320
TXG920612,Live Oak Feedlot,CATTLE (BEEF) - 8000,28.931666,-99.499444,FALSE,8000,0,8000,Other,UVA,24.27266333,69.61669545,20.89816414,21,81,2,512,16,528
TXG920616,Texas Tech New Deal Research Farm,CATTLE (BEEF) - 2000,33.729722,-101.73277,FALSE,2000,0,2000,Other,LBB,6.901474346,61.2621876,16.25677089,16,65,2,128,4,132
TXG920618,Heartland Livestock,CATTLE (BEEF) - 7500,34.533888,-102.38527,FALSE,7500,0,7500,Other,HRX,22.57509362,59.51125716,15.28403176,15,63,2,480,15,495
TXG920625,MX7 Dairy,8000 TOTAL DAIRY CATTLE OF WHICH 5000 ARE MILKING DAIRY CATTLE,31.93,-98.66,FALSE,8000,5000,3000,Dairy,MKN,3.592475101,65.69135808,18.71742115,19,74,2,882,376,1258
TXG920627,J & R Feedlot,CATTLE (BEEF) - 10000,26.511406,-98.748199,FALSE,10000,0,10000,Other,EBG,39.07982736,72.52913921,22.51618845,23,89,2,640,20,660
TXG920634,SD Farms,6600 TOTAL DAIRY CATTLE OF WHICH 3900 ARE MILKING DAIRY CATTLE,34.521111,-102.78916,FALSE,6600,3900,2700,Dairy,HRX,35.10970948,59.51125716,15.28403176,15,63,2,711,251.1,962
TXG920636,Humphrey And Humphrey Dairy,1200 TOTAL DAIRY CATTLE OF WHICH 800 ARE MILKING DAIRY CATTLE,33.069722,-95.504444,FALSE,1200,800,400,Dairy,SLR,9.144209855,66.23101631,19.01723128,19,74,2,136,60,196
TXG920637,Opitz Dairy,1485 TOTAL DAIRY CATTLE OF WHICH 1485 ARE MILKING DAIRY CATTLE,32.477333,-95.863388,FALSE,1485,1485,0,Dairy,F44,21.6978535,65.86772936,18.8154052,19,74,2,204.93,109.89,315
TXG920639,Arroyo Seco 2,60000 TOTAL DAIRY CATTLE OF WHICH 0 ARE MILKING DAIRY CATTLE,34.07,-101.7625,FALSE,60000,0,60000,Other,PVW,7.243433344,58.9138641,14.95214672,15,63,2,3840,120,3960
TXG920645,Oppliger Feedyard Sunnyside,CATTLE (BEEF) - 45000,34.339166,-102.30416,FALSE,45000,0,45000,Other,PVW,35.59447322,58.9138641,14.95214672,15,63,2,2880,90,2970
TXG920701,Azua Dairy,400 TOTAL DAIRY CATTLE OF WHICH 400 ARE MILKING DAIRY CATTLE,32.262,-98.4025,FALSE,400,400,0,Dairy,SEP,13.55366358,66.59409346,19.21894081,19,74,2,55.2,29.6,85
TXG920702,Irlbeck Feedyard,CATTLE (BEEF) - 6000,35.07,-101.98,FALSE,6000,0,6000,Other,AMA,18.62442014,57.48845192,14.16025106,14,58,1,384,6,390
TXG920715,Dalhart Jersey Ranch,40000 TOTAL DAIRY CATTLE OF WHICH 0 ARE MILKING DAIRY CATTLE,36.080833,-102.77638,FALSE,40000,0,40000,Other,DHT,13.44086182,55.54575163,13.08097313,13,55,1,2560,40,2600
TXG920736,145 Ranch,20000 TOTAL DAIRY CATTLE OF WHICH 0 ARE MILKING DAIRY CATTLE,34.377222,-102.89833,FALSE,20000,0,20000,Other,HRX,46.46911683,59.51125716,15.28403176,15,63,2,1280,40,1320
TXG920755,S-Cow-10 Dairy,995 TOTAL DAIRY CATTLE OF WHICH 995 ARE MILKING DAIRY CATTLE,32.147777,-97.995833,FALSE,995,995,0,Dairy,SEP,11.62780952,66.59409346,19.21894081,19,74,2,137.31,73.63,211
TXG920759,Skyward Dairy,8000 TOTAL DAIRY CATTLE OF WHICH 4000 ARE MILKING DAIRY CATTLE,35.963333,-102.39777,FALSE,8000,4000,4000,Dairy,DHT,9.320243485,55.54575163,13.08097313,13,55,1,808,224,1032
TXG920811,R & P Feedyard,CATTLE (BEEF) - 6000,32.712222,-102.41,FALSE,6000,0,6000,Other,GNC,14.36658701,63.32253403,17.40140779,17,68,2,384,12,396
TXG920815,R&D Dairy,699 TOTAL DAIRY CATTLE OF WHICH 699 ARE MILKING DAIRY CATTLE,32.3525,-97.533333,FALSE,699,699,0,Dairy,CPT,5.825161659,67.23070127,19.57261182,20,78,2,96.462,54.522,151
TXG920820,Guess Calf Ranch,25500 TOTAL DAIRY CATTLE OF WHICH 0 ARE MILKING DAIRY CATTLE,34.693611,-102.36222,FALSE,25500,0,25500,Other,HRX,11.4969973,59.51125716,15.28403176,15,63,2,1632,51,1683
TXG920823,Lightning Bar Feedyard,CATTLE (BEEF) - 8000,34.510555,-102.27277,FALSE,8000,0,8000,Other,HRX,24.12749712,59.51125716,15.28403176,15,63,2,512,16,528
TXG920831,Vanderham Dairy II,21700 TOTAL DAIRY CATTLE OF WHICH 9300 ARE MILKING DAIRY CATTLE,34.348333,-102.14861,FALSE,21700,9300,12400,Dairy,PVW,27.63043349,58.9138641,14.95214672,15,63,2,2077,610.7,2688
TXG920840,Deer Creek Feeding,188000 TOTAL DAIRY CATTLE OF WHICH 0 ARE MILKING DAIRY CATTLE,36.233333,-102.54111,FALSE,188000,0,188000,Other,DHT,14.5344443,55.54575163,13.08097313,13,55,1,12032,188,12220
TXG920841,Reid Feeders,CATTLE (BEEF) - 8000,36.022222,-101.51222,FALSE,8000,0,8000,Other,E42,22.44354834,57.33552132,14.07528962,14,58,1,512,8,520
TXG920844,Tascosa Feedyard,CATTLE (BEEF) - 37500,35.176666,-102.09972,FALSE,37500,0,37500,Other,AMA,22.47740668,57.48845192,14.16025106,14,58,1,2400,37.5,2438
TXG920848,County Line Dairy,4000 TOTAL DAIRY CATTLE OF WHICH 3200 ARE MILKING DAIRY CATTLE,34.251388,-102.63111,FALSE,4000,3200,800,Dairy,HRX,45.2653806,59.51125716,15.28403176,15,63,2,492.8,203.2,696
TXG920863,Bobby & Robin Middleton Dairy,670 TOTAL DAIRY CATTLE OF WHICH 620 ARE MILKING DAIRY CATTLE,32.953333,-95.788333,FALSE,670,620,50,Dairy,SLR,17.2703658,66.23101631,19.01723128,19,74,2,88.76,45.98,135
TXG920866,E & M Dairy,4800 TOTAL DAIRY CATTLE OF WHICH 2600 ARE MILKING DAIRY CATTLE,34.5175,-102.36361,FALSE,4800,2600,2200,Dairy,HRX,23.55007301,59.51125716,15.28403176,15,63,2,499.6,168.2,668
TXG920874,Seminole Growers,CATTLE (BEEF) - 35000,32.750833,-103.00833,FALSE,35000,0,35000,Other,GNC,21.36283321,63.32253403,17.40140779,17,68,2,2240,70,2310
TXG920878,Skiles Feedyard,35000 TOTAL DAIRY CATTLE OF WHICH 0 ARE MILKING DAIRY CATTLE,36.1,-102.25,FALSE,35000,0,35000,Other,DHT,17.47712415,55.54575163,13.08097313,13,55,1,2240,35,2275
TXG920886,Haakma Dairy,6800 TOTAL DAIRY CATTLE OF WHICH 3400 ARE MILKING DAIRY CATTLE,34.33032,-102.92676,FALSE,6800,3400,3400,Dairy,HRX,49.92876917,59.51125716,15.28403176,15,63,2,686.8,221,908
TXG920893,New Benninger Dairy,1798 TOTAL DAIRY CATTLE OF WHICH 1798 ARE MILKING DAIRY CATTLE,33.363333,-94.688333,FALSE,1798,1798,0,Dairy,OSA,24.30331998,64.72328178,18.17960099,18,71,2,248.124,127.658,376
TXG920917,Springlake Feedyard,CATTLE (BEEF) - 10000,34.234444,-102.498888,FALSE,10000,0,10000,Other,HRX,44.07690237,59.51125716,15.28403176,15,63,2,640,20,660
TXG920928,Wildcat Calf Ranch,4185 TOTAL DAIRY CATTLE OF WHICH 0 ARE MILKING DAIRY CATTLE,31.881916,-98.501722,FALSE,4185,0,4185,Other,MKN,6.344663602,65.69135808,18.71742115,19,74,2,267.84,8.37,276
TXG920935,Lone Star Calf Ranch,105000 TOTAL DAIRY CATTLE OF WHICH 0 ARE MILKING DAIRY CATTLE,34.891944,-102.31222,FALSE,105000,0,105000,Other,HRX,2.490634693,59.51125716,15.28403176,15,63,2,6720,210,6930
TXG920945,Loma Vista Dairy,2000 TOTAL DAIRY CATTLE OF WHICH 1400 ARE MILKING DAIRY CATTLE,31.235555,-105.78694,FALSE,2000,1400,600,Dairy,ELP,52.72835742,66.90062527,19.38923626,19,74,2,231.6,104.8,336
TXG920957,Sunrise Farms,CATTLE (BEEF) - 5000,34.551666,-102.07833,FALSE,5000,0,5000,Other,HRX,25.38976624,59.51125716,15.28403176,15,63,2,320,10,330
TXG920959,JT Cattle,CATTLE (BEEF) - 10000,34.646111,-102.87222,FALSE,10000,0,10000,Other,HRX,34.30971671,59.51125716,15.28403176,15,63,2,640,20,660
TXG920961,Troy Allcorn Cattle,CATTLE (BEEF) - 5000,34.203611,-102.26027,FALSE,5000,0,5000,Other,PVW,31.19483193,58.9138641,14.95214672,15,63,2,320,10,330
TXG920982,Sunset Heifer Ranch,1485 TOTAL DAIRY CATTLE OF WHICH 0 ARE MILKING DAIRY CATTLE,32.226388,-98.372777,FALSE,1485,0,1485,Other,SEP,11.4535906,66.59409346,19.21894081,19,74,2,95.04,2.97,98
TXG920985,Full Circle Jerseys,12000 TOTAL DAIRY CATTLE OF WHICH 5200 ARE MILKING DAIRY CATTLE,36.13436,-102.53099,FALSE,12000,5200,6800,Dairy,DHT,7.760021917,55.54575163,13.08097313,13,55,1,1152.8,292.8,1446
TXG920999,Harris Dairy Farm,2500 TOTAL DAIRY CATTLE OF WHICH 1000 ARE MILKING DAIRY CATTLE,32.051944,-98.960555,FALSE,2500,1000,1500,Dairy,BWD,17.80106824,61.51640022,16.39800012,16,65,2,234,68,302
TXG921002,Plainview Feeders II,CATTLE (BEEF) - 27000,34.271388,-101.81972,FALSE,27000,0,27000,Other,PVW,9.219416087,58.9138641,14.95214672,15,63,2,1728,54,1782
TXG921016,A Tex Dairy,15520 TOTAL DAIRY CATTLE OF WHICH 5000 ARE MILKING DAIRY CATTLE,34.525833,-102.67888,FALSE,15520,5000,10520,Dairy,HRX,30.43391765,59.51125716,15.28403176,15,63,2,1363.28,336.04,1699
TXG921032,South Fork Dairy,32000 TOTAL DAIRY CATTLE OF WHICH 20000 ARE MILKING DAIRY CATTLE,34.40177,-102.2687,FALSE,32000,20000,12000,Dairy,HRX,31.60336629,59.51125716,15.28403176,15,63,2,3528,1284,4812
TXG921045,Ab Ranch II,CATTLE (BEEF) - 5000,32.31795,-98.391178,FALSE,5000,0,5000,Other,6P9,14.25348712,65.36641814,18.53689897,19,74,2,320,10,330
TXG921063,Wilhite Cattle,CATTLE (BEEF) - 4000,34.849444,-102.329166,FALSE,4000,0,4000,Other,HRX,0.5941460339,59.51125716,15.28403176,15,63,2,256,8,264
TXG921074,F Troop Feeders,CATTLE (BEEF) - 67500,35.053333,-102.316666,FALSE,67500,0,67500,Other,HRX,13.49317775,59.51125716,15.28403176,15,63,2,4320,135,4455
TXG921080,Caprock Dairy,11100 TOTAL DAIRY CATTLE OF WHICH 7500 ARE MILKING DAIRY CATTLE,34.284166,-102.601944,FALSE,11100,7500,3600,Dairy,HRX,42.54480662,59.51125716,15.28403176,15,63,2,1265.4,479.7,1745
TXG921081,Westside Dairy,4480 TOTAL DAIRY CATTLE OF WHICH 4000 ARE MILKING DAIRY CATTLE,33.24489,-102.41638,FALSE,4480,4000,480,Dairy,LLN,21.35084078,66.48550145,19.15861192,19,74,2,582.72,296.96,880
TXG921083,North Fork Feedyard,CATTLE (BEEF) - 45000,34.416388,-102.244444,FALSE,45000,0,45000,Other,HRX,30.78055472,59.51125716,15.28403176,15,63,2,2880,90,2970
TXG921092,Dean Cluck Feedyard,CATTLE (BEEF) - 50000,36.177777,-101.680833,FALSE,50000,0,50000,Other,E42,27.34097888,57.33552132,14.07528962,14,58,1,3200,50,3250
TXG921095,D & J Dairy,36000 TOTAL DAIRY CATTLE OF WHICH 13500 ARE MILKING DAIRY CATTLE,34.965555,-102.5,FALSE,36000,13500,22500,Dairy,HRX,12.3441531,59.51125716,15.28403176,15,63,2,3303,895.5,4198
TXG921096,Amigos Beef Cattle,CATTLE (BEEF) - 13500,27.966666,-97.668333,FALSE,13500,0,13500,Other,T69,9.147768165,71.30550139,21.83638966,22,85,2,864,27,891
TXG921101,Star Dairy,2000 TOTAL DAIRY CATTLE OF WHICH 2000 ARE MILKING DAIRY CATTLE,33.534722,-95.484444,FALSE,2000,2000,0,Dairy,PRX,7.286055071,63.79643625,17.66468681,18,71,2,276,142,418
TXG921106,Daisy Farms Dairy,24100 TOTAL DAIRY CATTLE OF WHICH 9600 ARE MILKING DAIRY CATTLE,33.573333,-95.587777,FALSE,24100,9600,14500,Dairy,PRX,9.02577846,63.79643625,17.66468681,18,71,2,2252.8,710.6,2963
TXG921109,Lone Oak,CATTLE (BEEF) - 2699,32.171666,-98.220555,FALSE,2699,0,2699,Other,SEP,3.919883192,66.59409346,19.21894081,19,74,2,172.736,5.398,178
TXG921115,Flying X Ranch,5005 TOTAL DAIRY CATTLE OF WHICH 0 ARE MILKING DAIRY CATTLE,31.916666,-98.616666,FALSE,5005,0,5005,Other,MKN,1.005994084,65.69135808,18.71742115,19,74,2,320.32,10.01,330
TXG921118,Bruins Dairy Cattle,CATTLE (BEEF) - 2600,35.258333,-101.715833,FALSE,2600,0,2600,Other,AMA,2.744596113,57.48845192,14.16025106,14,58,1,166.4,2.6,169
TXG921129,Owl Feedyard 3,CATTLE (BEEF) - 15000,34.82485,-102.35525,FALSE,15000,0,15000,Other,HRX,2.798587323,59.51125716,15.28403176,15,63,2,960,30,990
TXG921139,Summit Dairy,1485 TOTAL DAIRY CATTLE OF WHICH 1485 ARE MILKING DAIRY CATTLE,32.45217,-95.90439,FALSE,1485,1485,0,Dairy,F44,20.35907801,65.86772936,18.8154052,19,74,2,204.93,109.89,315
TXG921141,T&K Dairy,5250 TOTAL DAIRY CATTLE OF WHICH 4600 ARE MILKING DAIRY CATTLE,32.683333,-100.816666,FALSE,5250,4600,650,Dairy,SNK,7.827817832,64.66980821,18.14989345,18,71,2,676.4,327.9,1004
TXG921142,Presidio Farms,7800 TOTAL DAIRY CATTLE OF WHICH 3900 ARE MILKING DAIRY CATTLE,34.3841,-102.6682,FALSE,7800,3900,3900,Dairy,HRX,38.01752772,59.51125716,15.28403176,15,63,2,787.8,253.5,1041
TXG921143,RJ Dairy,1600 TOTAL DAIRY CATTLE OF WHICH 845 ARE MILKING DAIRY CATTLE,32.077986,-98.384178,FALSE,1600,845,755,Dairy,SEP,15.36582214,66.59409346,19.21894081,19,74,2,164.93,64.04,229
TXG921147,Wheeler Land & Livestock,CATTLE (BEEF) - 52500,35.4609,-100.3273,FALSE,52500,0,52500,Other,HHF,30.23755222,59.02858747,15.01588193,15,63,2,3360,105,3465
TXG921149,Mark Sustaire Dairy,500 TOTAL DAIRY CATTLE OF WHICH 500 ARE MILKING DAIRY CATTLE,33.083468,-95.321884,FALSE,500,500,0,Dairy,SLR,18.07414219,66.23101631,19.01723128,19,74,2,69,37,106
TXG921150,Quien Sabe Feeders,CATTLE (BEEF) - 90000,34.7625,-101.83333,FALSE,90000,0,90000,Other,HRX,28.79280706,59.51125716,15.28403176,15,63,2,5760,180,5940
TXG921157,Jordan Cattle Auction San Saba,CATTLE (BEEF) - 6000,31.205625,-98.77765,FALSE,6000,0,6000,Other,81R,4.128672992,67.41930494,19.67739164,20,78,2,384,12,396
TXG921159,OT Feedyard & Research Center,CATTLE (BEEF) - 50000,34.6792,-102.3658,FALSE,50000,0,50000,Other,HRX,12.51079098,59.51125716,15.28403176,15,63,2,3200,100,3300
TXG921160,Coldwater East,17000 TOTAL DAIRY CATTLE OF WHICH 4500 ARE MILKING DAIRY CATTLE,36.146388,-102.095555,FALSE,17000,4500,12500,Dairy,DUX,20.41422829,56.49627032,13.60903906,14,58,1,1421,273.5,1694
TXG921161,Coldwater West,8000 TOTAL DAIRY CATTLE OF WHICH 4000 ARE MILKING DAIRY CATTLE,36.146388,-102.111666,FALSE,8000,4000,4000,Dairy,DUX,20.63745127,56.49627032,13.60903906,14,58,1,808,236,1044
TXG921165,Aurora Organic Dairy,5150 TOTAL DAIRY CATTLE OF WHICH 2000 ARE MILKING DAIRY CATTLE,32.075555,-98.385833,FALSE,5150,2000,3150,Dairy,SEP,15.54571324,66.59409346,19.21894081,19,74,2,477.6,154.3,632
TXG921169,G2 Producers East,22500 TOTAL DAIRY CATTLE OF WHICH 18000 ARE MILKING DAIRY CATTLE,36.054166,-102.33638,FALSE,22500,18000,4500,Dairy,DHT,12.00895059,55.54575163,13.08097313,13,55,1,2772,994.5,3766
TXG921170,MC Cattle,CATTLE (BEEF) - 3500,36.24733,-101.19827,FALSE,3500,0,3500,Other,E42,1.827611044,57.33552132,14.07528962,14,58,1,224,3.5,228
TXG921173,Foust Dairy,999 TOTAL DAIRY CATTLE OF WHICH 699 ARE MILKING DAIRY CATTLE,32.333055,-97.4625,FALSE,999,699,300,Dairy,CPT,2.204935094,67.23070127,19.57261182,20,78,2,115.662,55.122,171
TXG921178,Springlake Dairy,4000 TOTAL DAIRY CATTLE OF WHICH 2000 ARE MILKING DAIRY CATTLE,34.098888,-102.32222,FALSE,4000,2000,2000,Dairy,PVW,34.99593786,58.9138641,14.95214672,15,63,2,404,130,534
TXG921182,Dimmitt Feed Yard,CATTLE (BEEF) - 78000,34.534444,-102.40555,FALSE,78000,0,78000,Other,HRX,22.7375412,59.51125716,15.28403176,15,63,2,4992,156,5148
TXG921187,R&M Cattle,CATTLE (BEEF) - 15000,34.207777,-102.81852,FALSE,15000,0,15000,Other,LLN,51.9337428,66.48550145,19.15861192,19,74,2,960,30,990
TXG921188,Waggoner Cattle,35000 TOTAL DAIRY CATTLE OF WHICH 0 ARE MILKING DAIRY CATTLE,34.320278,-102.303889,FALSE,35000,0,35000,Other,PVW,35.17356173,58.9138641,14.95214672,15,63,2,2240,70,2310
TXG921190,2 W Feedlot,CATTLE (BEEF) - 6000,33.956388,-102.3825,FALSE,6000,0,6000,Other,LLN,27.84239967,66.48550145,19.15861192,19,74,2,384,12,396
TXG921197,Spearman Cattle Feeders,CATTLE (BEEF) - 97000,36.246033,-101.1778,FALSE,97000,0,97000,Other,E42,1.961970027,57.33552132,14.07528962,14,58,1,6208,97,6305
TXG921202,Bailey County Feeders,CATTLE (BEEF) - 9000,34.708333,-102.425,FALSE,9000,0,9000,Other,HRX,11.72752065,59.51125716,15.28403176,15,63,2,576,18,594
TXG921203,Circle T,CATTLE (BEEF) - 7200,35.095752,-102.404053,FALSE,7200,0,7200,Other,HRX,16.98716633,59.51125716,15.28403176,15,63,2,460.8,14.4,475
TXG921203,Circle T Dairy,5000 TOTAL DAIRY CATTLE OF WHICH 2500 ARE MILKING DAIRY CATTLE,35.095752,-102.404053,FALSE,5000,2500,2500,Dairy,HRX,16.98716633,59.51125716,15.28403176,15,63,2,505,162.5,668
TXG921208,Morning Star Dairy,142500 TOTAL DAIRY CATTLE OF WHICH 42500 ARE MILKING DAIRY CATTLE,36.032777,-102.66972,TRUE,142500,42500,100000,Dairy,DHT,6.893190681,55.54575163,13.08097313,13,55,1,12265,2437.5,14702
TXG921216,Rancho La Presa Nueva,CATTLE (BEEF) - 5500,29.078611,-98.922777,FALSE,5500,0,5500,Other,T89,18.64614778,67.24466494,19.58036941,20,78,2,352,11,363
TXG921223,Stonegate Farms,6050 TOTAL DAIRY CATTLE OF WHICH 3200 ARE MILKING DAIRY CATTLE,34.256388,-102.89805,FALSE,6050,3200,2850,Dairy,HRX,52.73518525,59.51125716,15.28403176,15,63,2,624,207.3,831
TXG921231,Caprock Dairy 2,3900 TOTAL DAIRY CATTLE OF WHICH 3900 ARE MILKING DAIRY CATTLE,34.046111,-102.365555,FALSE,3900,3900,0,Dairy,LLN,34.02285927,66.48550145,19.15861192,19,74,2,538.2,288.6,827
TXG921232,Gene Scivally Cattle,CATTLE (BEEF) - 20000,34.817777,-102.23166,FALSE,20000,0,20000,Other,HRX,6.049679343,59.51125716,15.28403176,15,63,2,1280,40,1320
TXG921233,Van Der Jagt Jersey,1302 TOTAL DAIRY CATTLE OF WHICH 1302 ARE MILKING DAIRY CATTLE,33.030166,-95.502333,FALSE,1302,1302,0,Dairy,SLR,11.25355208,66.23101631,19.01723128,19,74,2,179.676,96.348,276
TXG921248,Mellissa Feeders,CATTLE (BEEF) - 12000,33.291,-96.5041,FALSE,12000,0,12000,Other,TKI,9.124999105,64.92663556,18.29257531,18,71,2,768,24,792
TXG921253,Beattie Cattle,10000 TOTAL DAIRY CATTLE OF WHICH 0 ARE MILKING DAIRY CATTLE,32.036388,-98.704444,FALSE,10000,0,10000,Other,MKN,10.09625393,65.69135808,18.71742115,19,74,2,640,20,660
TXG921254,Martinez Dairy,400 TOTAL DAIRY CATTLE OF WHICH 400 ARE MILKING DAIRY CATTLE,33.228055,-95.74,FALSE,400,400,0,Dairy,SLR,8.386917837,66.23101631,19.01723128,19,74,2,55.2,29.6,85
TXG921255,Wildcat Dairy,10000 TOTAL DAIRY CATTLE OF WHICH 6500 ARE MILKING DAIRY CATTLE,31.78611,-98.44111,TRUE,10000,6500,3500,Dairy,MKN,13.13065673,65.69135808,18.71742115,19,74,2,1121,488,1609
TXG921257,Sand Hill Livestock,CATTLE (BEEF) - 5500,36.086333,-100.3623,FALSE,5500,0,5500,Other,HHF,13.3970832,59.02858747,15.01588193,15,63,2,352,11,363
TXG921258,Spandet Dairy 3,8150 TOTAL DAIRY CATTLE OF WHICH 6500 ARE MILKING DAIRY CATTLE,34.593333,-102.60861,FALSE,8150,6500,1650,Dairy,HRX,24.2935953,59.51125716,15.28403176,15,63,2,1002.6,412.8,1415
TXG921265,McClain Feedyard,CATTLE (BEEF) - 3000,34.86879,-102.50972,FALSE,3000,0,3000,Other,HRX,10.4428021,59.51125716,15.28403176,15,63,2,192,6,198
TXG921269,Knolle Dairy 5,1500 TOTAL DAIRY CATTLE OF WHICH 1500 ARE MILKING DAIRY CATTLE,28.011666,-97.833333,FALSE,1500,1500,0,Dairy,NOG,15.36734907,68.5855801,20.32532228,20,78,2,207,117,324
TXG921272,Springville Farms,999 TOTAL DAIRY CATTLE OF WHICH 999 ARE MILKING DAIRY CATTLE,32.906944,-95.791111,FALSE,999,999,0,Dairy,GVT,19.40549208,64.97855911,18.32142173,18,71,2,137.862,70.929,209
TXG921275,Guess Feedlot,CATTLE (BEEF) - 10000,34.526944,-102.49666,FALSE,10000,0,10000,Other,HRX,24.77824341,59.51125716,15.28403176,15,63,2,640,20,660
TXG921277,Duke Ranch Beef,CATTLE (BEEF) - 5000,36.3915,-100.5867,FALSE,5000,0,5000,Other,PYX,9.233419591,56.45306658,13.58503699,14,58,1,320,5,325
TXG921280,G-2 Harvest,4500 TOTAL DAIRY CATTLE OF WHICH 4000 ARE MILKING DAIRY CATTLE,35.80256,-102.14573,FALSE,4500,4000,500,Dairy,DUX,8.375196405,56.49627032,13.60903906,14,58,1,584,232.5,816
TXG921283,Sexing Technologies,CATTLE (BEEF) - 8000,30.480776,-96.178048,FALSE,8000,0,8000,Other,CLL,13.32001136,69.89239938,21.05133299,21,81,2,512,16,528
TXG921288,Hudson Rocky Creek Ranch Feedyard,CATTLE (BEEF) - 24000,31.3456,-100.1321,FALSE,24000,0,24000,Other,SJT,21.46110181,66.7340185,19.29667694,19,74,2,1536,48,1584
TXG921291,Etter Dairy,8400 TOTAL DAIRY CATTLE OF WHICH 5200 ARE MILKING DAIRY CATTLE,36.018888,-102.04972,FALSE,8400,5200,3200,Dairy,DUX,11.28203087,56.49627032,13.60903906,14,58,1,922.4,304.8,1227
TXG921292,Dumas Dairy,7000 TOTAL DAIRY CATTLE OF WHICH 5500 ARE MILKING DAIRY CATTLE,35.869722,-102.07027,FALSE,7000,5500,1500,Dairy,DUX,3.314113451,56.49627032,13.60903906,14,58,1,855,320.5,1176
TXG921293,Kabil Cattle,CATTLE (BEEF) - 30000,36.2244,-102.2261,FALSE,30000,0,30000,Other,DHT,22.72418877,55.54575163,13.08097313,13,55,1,1920,30,1950
TXG921296,Roadrunner Cattle,CATTLE (BEEF) - 3500,35.078055,-102.372222,FALSE,3500,0,3500,Other,HRX,15.4069331,59.51125716,15.28403176,15,63,2,224,7,231
TXG921302,South Plains Cattle,CATTLE (BEEF) - 2250,34.378611,-102.65888,FALSE,2250,0,2250,Other,HRX,38.07623705,59.51125716,15.28403176,15,63,2,144,4.5,148
TXG921303,Speck Feedyard,CATTLE (BEEF) - 2500,31.702778,-98.925556,FALSE,2500,0,2500,Other,BWD,6.518028974,61.51640022,16.39800012,16,65,2,160,5,165
TXG921305,Tejas Dunes,3600 TOTAL DAIRY CATTLE OF WHICH 3000 ARE MILKING DAIRY CATTLE,34.244722,-102.98111,FALSE,3600,3000,600,Dairy,HRX,56.38933809,59.51125716,15.28403176,15,63,2,452.4,190.2,643
TXG921308,Natural Prairie Dairy Farms,23600 TOTAL DAIRY CATTLE OF WHICH 16800 ARE MILKING DAIRY CATTLE,35.788333,-102.315,FALSE,23600,16800,6800,Dairy,DUX,17.62439221,56.49627032,13.60903906,14,58,1,2753.6,981.2,3735
TXG921309,Natural Prairie Dairy Farm Heifer Site,10000 TOTAL DAIRY CATTLE OF WHICH 0 ARE MILKING DAIRY CATTLE,35.83,-102.26,FALSE,10000,0,10000,Other,DUX,13.99914072,56.49627032,13.60903906,14,58,1,640,10,650
TXG921310,Krause Dairy,999 TOTAL DAIRY CATTLE OF WHICH 999 ARE MILKING DAIRY CATTLE,33.075,-95.441666,FALSE,999,999,0,Dairy,SLR,11.88564259,66.23101631,19.01723128,19,74,2,137.862,73.926,212
TXG921311,Dreamcatcher Dairy,4000 TOTAL DAIRY CATTLE OF WHICH 2400 ARE MILKING DAIRY CATTLE,32.049333,-98.361666,FALSE,4000,2400,1600,Dairy,SEP,15.72256503,66.59409346,19.21894081,19,74,2,433.6,180.8,614
TXG921316,High Plains Dairy Friona,10600 TOTAL DAIRY CATTLE OF WHICH 5200 ARE MILKING DAIRY CATTLE,34.525,-102.611,FALSE,10600,5200,5400,Dairy,HRX,28.0834118,59.51125716,15.28403176,15,63,2,1063.2,338.4,1402
TXG921322,Westside Jerseys,24900 TOTAL DAIRY CATTLE OF WHICH 20250 ARE MILKING DAIRY CATTLE,36.0275,-102.0899,TRUE,24900,20250,4650,Dairy,DUX,12.45629903,56.49627032,13.60903906,14,58,1,3092.1,1179.15,4271
TXG921323,Tuls Cattle IV,35000 TOTAL DAIRY CATTLE OF WHICH 0 ARE MILKING DAIRY CATTLE,34.361666,-102.973888,FALSE,35000,0,35000,Other,HRX,50.30917397,59.51125716,15.28403176,15,63,2,2240,70,2310
TXG921325,Fallen Star Heifer Ranch,2700 TOTAL DAIRY CATTLE OF WHICH 1200 ARE MILKING DAIRY CATTLE,34.794444,-102.51666,FALSE,2700,1200,1500,Dairy,HRX,11.66178593,59.51125716,15.28403176,15,63,2,261.6,78.6,340
TXG921327,Baeza Cattle,CATTLE (BEEF) - 3000,29.559858,-104.343639,FALSE,3000,0,3000,Other,PRS,5.232057125,70.58111402,21.43395223,21,81,2,192,6,198
TXG921329,Dhhit Feeders,CATTLE (BEEF) - 5000,32.6185,-102.8147,FALSE,5000,0,5000,Other,GNC,10.22607246,63.32253403,17.40140779,17,68,2,320,10,330
TXG921333,Carson County Feedyar,CATTLE (BEEF) - 22500,35.450555,-101.30055,FALSE,22500,0,22500,Other,BGD,18.03774318,60.77940631,15.98855906,16,65,2,1440,45,1485
TXG921334,Williams Feedyard,CATTLE (BEEF) - 2500,33.973434,-102.932045,FALSE,2500,0,2500,Other,LLN,43.34871532,66.48550145,19.15861192,19,74,2,160,5,165
TXG921336,Flint Rock Feeders,CATTLE (BEEF) - 30000,36.319722,-101.354166,FALSE,30000,0,30000,Other,E42,11.21626941,57.33552132,14.07528962,14,58,1,1920,30,1950
TXG921338,Frontier Feedlot,25124 TOTAL DAIRY CATTLE OF WHICH 5000 ARE MILKING DAIRY CATTLE,32.073333,-98.374444,FALSE,25124,5000,20124,Dairy,SEP,15.12600323,66.59409346,19.21894081,19,74,2,1977.936,410.248,2388
TXG921340,Shanna Crouch Dairy,2249 TOTAL DAIRY CATTLE OF WHICH 2249 ARE MILKING DAIRY CATTLE,32.118666,-98.368,FALSE,2249,2249,0,Dairy,SEP,12.9921436,66.59409346,19.21894081,19,74,2,310.362,166.426,477
TXG921342,Ridge View Dairy,6400 TOTAL DAIRY CATTLE OF WHICH 5200 ARE MILKING DAIRY CATTLE,34.482272,-102.605456,FALSE,6400,5200,1200,Dairy,HRX,30.372115,59.51125716,15.28403176,15,63,2,794.4,330,1124
TXG921343,Van Der Jagt Dairy,1500 TOTAL DAIRY CATTLE OF WHICH 1500 ARE MILKING DAIRY CATTLE,33.083166,-95.674166,FALSE,1500,1500,0,Dairy,SLR,6.156516578,66.23101631,19.01723128,19,74,2,207,111,318
TXG921345,Midway Heifer Yards,33000 TOTAL DAIRY CATTLE OF WHICH 0 ARE MILKING DAIRY CATTLE,34.401666,-102.10916,FALSE,33000,0,33000,Other,PVW,27.59699694,58.9138641,14.95214672,15,63,2,2112,66,2178
TXG921346,Go Foods Livestock Division,CATTLE (BEEF) - 25000,34.966666,-102.21944,FALSE,25000,0,25000,Other,HRX,9.657125792,59.51125716,15.28403176,15,63,2,1600,50,1650
TXG921354,Mclean Farm,CATTLE (BEEF) - 25000,35.176666,-100.60194,FALSE,25000,0,25000,Other,PPA,37.42057853,59.64590297,15.35883498,15,63,2,1600,50,1650
TXG921355,Hartley Farms,135650 TOTAL DAIRY CATTLE OF WHICH 38000 ARE MILKING DAIRY CATTLE,36.0018,-102.3414,TRUE,135650,38000,97650,Dairy,DHT,11.62140749,55.54575163,13.08097313,13,55,1,11493.6,2187.65,13681
TXG921360,3-H Dairy Progress Site,7500 TOTAL DAIRY CATTLE OF WHICH 4000 ARE MILKING DAIRY CATTLE,34.294444,-102.83916,FALSE,7500,4000,3500,Dairy,HRX,48.60401156,59.51125716,15.28403176,15,63,2,776,259,1035
TXG921363,Gold Star Dairy,6000 TOTAL DAIRY CATTLE OF WHICH 2700 ARE MILKING DAIRY CATTLE,34.807777,-102.58,FALSE,6000,2700,3300,Dairy,HRX,14.81964726,59.51125716,15.28403176,15,63,2,583.8,176.7,760
TXG921365,Broken O Cattle,CATTLE (BEEF) - 2000,31.884166,-98.098611,FALSE,2000,0,2000,Other,MNZ,15.32215996,67.06540324,19.48077958,19,74,2,128,4,132
TXG921366,North Star Dairy,24500 TOTAL DAIRY CATTLE OF WHICH 11000 ARE MILKING DAIRY CATTLE,34.732777,-102.33361,FALSE,24500,11000,13500,Dairy,HRX,8.6251014,59.51125716,15.28403176,15,63,2,2382,720,3102
TXG921367,Palla 3,1325 TOTAL DAIRY CATTLE OF WHICH 1175 ARE MILKING DAIRY CATTLE,35.004166,-101.95972,FALSE,1325,1175,150,Dairy,AMA,20.65826162,57.48845192,14.16025106,14,58,1,171.75,68.3,240
TXG921368,Evergreen Farms,11550 TOTAL DAIRY CATTLE OF WHICH 5000 ARE MILKING DAIRY CATTLE,34.35561,-102.499881,FALSE,11550,5000,6550,Dairy,HRX,35.99777654,59.51125716,15.28403176,15,63,2,1109.2,328.1,1437
TXG921369,Eastside Dairy,92000 TOTAL DAIRY CATTLE OF WHICH 17000 ARE MILKING DAIRY CATTLE,36.0276,-102.0833,FALSE,92000,17000,75000,Dairy,DUX,12.33964109,56.49627032,13.60903906,14,58,1,7146,1061,8207
TXG921372,Cal-Star Dairy,5300 TOTAL DAIRY CATTLE OF WHICH 2600 ARE MILKING DAIRY CATTLE,33.227777,-102.22583,FALSE,5300,2600,2700,Dairy,LLN,23.93150888,66.48550145,19.15861192,19,74,2,531.6,197.8,729
TXG921377,Royal Flush Dairy,3600 TOTAL DAIRY CATTLE OF WHICH 1400 ARE MILKING DAIRY CATTLE,36.045555,-101.24361,FALSE,3600,1400,2200,Dairy,E42,12.40455442,57.33552132,14.07528962,14,58,1,334,83.4,417
TXG921379,Canadian Feedyard,CATTLE (BEEF) - 75000,36.005,-100.31583,FALSE,75000,0,75000,Other,HHF,9.052619601,59.02858747,15.01588193,15,63,2,4800,150,4950
TXG921380,FB Lariat Dairy,11800 TOTAL DAIRY CATTLE OF WHICH 8800 ARE MILKING DAIRY CATTLE,34.329722,-102.82444,FALSE,11800,8800,3000,Dairy,HRX,46.1597426,59.51125716,15.28403176,15,63,2,1406.4,560.4,1967
TXG921381,Spandet Heifer Yard,CATTLE (BEEF) - 50000,34.372222,-102.17861,FALSE,50000,0,50000,Other,PVW,29.90914281,58.9138641,14.95214672,15,63,2,3200,100,3300
TXG921382,Frontier Feedyard,CATTLE (BEEF) - 59400,36.481388,-101.23861,FALSE,59400,0,59400,Other,E42,18.12173279,57.33552132,14.07528962,14,58,1,3801.6,59.4,3861
TXG921383,Latigo Land & Cattle,CATTLE (BEEF) - 12000,34.594166,-102.41083,FALSE,12000,0,12000,Other,HRX,18.7944614,59.51125716,15.28403176,15,63,2,768,24,792
TXG921384,Stratford Feedlot,CATTLE (BEEF) - 102996,36.312222,-102.03944,FALSE,102996,0,102996,Other,DUX,31.35249353,56.49627032,13.60903906,14,58,1,6591.744,102.996,6695
TXG921386,Overstreet Dairy,3500 TOTAL DAIRY CATTLE OF WHICH 2500 ARE MILKING DAIRY CATTLE,34.165277,-99.512777,FALSE,3500,2500,1000,Dairy,F05,13.76180821,65.41811439,18.56561911,19,74,2,409,187,596
TXG921387,Southwest Feedyard,CATTLE (BEEF) - 45000,34.861666,-102.33833,FALSE,45000,0,45000,Other,HRX,0.7286667553,59.51125716,15.28403176,15,63,2,2880,90,2970
TXG921388,Wolf Creek Feedyard,CATTLE (BEEF) - 85000,36.277777,-100.66861,FALSE,85000,0,85000,Other,PYX,10.43229693,56.45306658,13.58503699,14,58,1,5440,85,5525
TXG921389,Wrangler Feedyard,CATTLE (BEEF) - 55000,34.6475,-101.78555,FALSE,55000,0,55000,Other,PVW,33.26989327,58.9138641,14.95214672,15,63,2,3520,110,3630
TXG921390,Cactus Feedyard,CATTLE (BEEF) - 88710,36.047222,-102.03138,FALSE,88710,0,88710,Other,DUX,13.08675465,56.49627032,13.60903906,14,58,1,5677.44,88.71,5766
TXG921391,Mountain View Dairy,936 TOTAL DAIRY CATTLE OF WHICH 936 ARE MILKING DAIRY CATTLE,31.943166,-98.760666,FALSE,936,936,0,Dairy,MKN,9.574534315,65.69135808,18.71742115,19,74,2,129.168,69.264,198
TXG921393,Boer Dairy,11000 TOTAL DAIRY CATTLE OF WHICH 4200 ARE MILKING DAIRY CATTLE,36.212777,-102.51277,FALSE,11000,4200,6800,Dairy,DHT,13.25437432,55.54575163,13.08097313,13,55,1,1014.8,237.8,1253
TXG921394,Hale Center Feedyard,CATTLE (BEEF) - 80000,34.09064,-101.9801,FALSE,80000,0,80000,Other,PVW,15.98034615,58.9138641,14.95214672,15,63,2,5120,160,5280
TXG921395,Western Cattle Feeders,CATTLE (BEEF) - 77000,34.180833,-101.46111,FALSE,77000,0,77000,Other,PVW,14.70480138,58.9138641,14.95214672,15,63,2,4928,154,5082
TXG921396,Hillside Heifers,1550 TOTAL DAIRY CATTLE OF WHICH 750 ARE MILKING DAIRY CATTLE,32.214444,-98.111111,FALSE,1550,750,800,Dairy,SEP,3.899367356,66.59409346,19.21894081,19,74,2,154.7,57.1,212
TXG921397,Creek Feeders,CATTLE (BEEF) - 2500,36.262777,-100.53361,FALSE,2500,0,2500,Other,PYX,15.95104542,56.45306658,13.58503699,14,58,1,160,2.5,162
TXG921399,Optima Dairy Texas,3600 TOTAL DAIRY CATTLE OF WHICH 2750 ARE MILKING DAIRY CATTLE,34.601666,-102.64027,FALSE,3600,2750,850,Dairy,HRX,25.11295848,59.51125716,15.28403176,15,63,2,433.9,174.95,609
TXG921400,Natural Prairie Dairy Farms Barns 4 & 5,7200 TOTAL DAIRY CATTLE OF WHICH 7200 ARE MILKING DAIRY CATTLE,35.8909,-102.3364,FALSE,7200,7200,0,Dairy,DHT,14.90550682,55.54575163,13.08097313,13,55,1,993.6,396,1390
TXG921404,Boehning Dairy,5050 TOTAL DAIRY CATTLE OF WHICH 3200 ARE MILKING DAIRY CATTLE,34.2229,-102.5971,FALSE,5050,3200,1850,Dairy,HRX,46.40466249,59.51125716,15.28403176,15,63,2,560,205.3,765
TXG921405,Guess Dairy,7500 TOTAL DAIRY CATTLE OF WHICH 3200 ARE MILKING DAIRY CATTLE,34.47225,-102.44176,FALSE,7500,3200,4300,Dairy,HRX,27.37369,59.51125716,15.28403176,15,63,2,716.8,210.2,927
TXG921406,Dos Ex Cattle,CATTLE (BEEF) - 10000,35.894166,-101.95222,FALSE,10000,0,10000,Other,DUX,4.224819034,56.49627032,13.60903906,14,58,1,640,10,650
TXG921407,Southside Dairy 1,25900 TOTAL DAIRY CATTLE OF WHICH 7450 ARE MILKING DAIRY CATTLE,34.463888,-102.2375,FALSE,25900,7450,18450,Dairy,HRX,27.61836752,59.51125716,15.28403176,15,63,2,2208.9,506.25,2715
TXG921408,Southside Dairy 2,10500 TOTAL DAIRY CATTLE OF WHICH 5500 ARE MILKING DAIRY CATTLE,34.43653,-102.20035,FALSE,10500,5500,5000,Dairy,HRX,29.91074652,59.51125716,15.28403176,15,63,2,1079,356.5,1436
TXG921413,Golden J Jerseys,25000 TOTAL DAIRY CATTLE OF WHICH 5000 ARE MILKING DAIRY CATTLE,36.016266,-101.956149,FALSE,25000,5000,20000,Dairy,DUX,11.36786332,56.49627032,13.60903906,14,58,1,1970,310,2280
TXG921414,Cnossen Dairy,15400 TOTAL DAIRY CATTLE OF WHICH 13000 ARE MILKING DAIRY CATTLE,35.036656,-102.33988,FALSE,15400,13000,2400,Dairy,HRX,12.35585272,59.51125716,15.28403176,15,63,2,1947.6,823.8,2771
TXG921418,Cnossen Heifer Yard,22000 TOTAL DAIRY CATTLE OF WHICH 12000 ARE MILKING DAIRY CATTLE,35.001666,-102.34027,FALSE,22000,12000,10000,Dairy,HRX,9.951277081,59.51125716,15.28403176,15,63,2,2296,776,3072
TXG921419,Jersey Gold Dairy,4500 TOTAL DAIRY CATTLE OF WHICH 3500 ARE MILKING DAIRY CATTLE,35.844722,-102.40583,FALSE,4500,3500,1000,Dairy,DHT,14.60461052,55.54575163,13.08097313,13,55,1,547,193.5,740
TXG921420,Del Rio Dairy,20500 TOTAL DAIRY CATTLE OF WHICH 9000 ARE MILKING DAIRY CATTLE,34.492777,-102.72722,TRUE,20500,9000,11500,Dairy,HRX,33.96950095,59.51125716,15.28403176,15,63,2,1978,590,2568
TXG921424,Track Dairy,5500 TOTAL DAIRY CATTLE OF WHICH 2300 ARE MILKING DAIRY CATTLE,34.1797,-102.6549,FALSE,5500,2300,3200,Dairy,LLN,46.17678947,66.48550145,19.15861192,19,74,2,522.2,176.6,699
TXG921426,Cantex Feeders,CATTLE (BEEF) - 40000,34.858333,-100.70833,FALSE,40000,0,40000,Other,CDS,37.80453257,62.60556004,17.00308891,17,68,2,2560,80,2640
TXG921427,Hilltop Jersey Farm,999 TOTAL DAIRY CATTLE OF WHICH 899 ARE MILKING DAIRY CATTLE,32.2635,-95.537716,FALSE,999,899,100,Dairy,TYR,10.08548473,66.80739502,19.33744168,19,74,2,130.462,66.726,197
TXG921428,W & A Dairy,499 TOTAL DAIRY CATTLE OF WHICH 400 ARE MILKING DAIRY CATTLE,32.8285,-95.182933,FALSE,499,400,99,Dairy,JXI,16.19690986,65.59066457,18.66148032,19,74,2,61.536,29.798,91
TXG921431,Diamond B Feedyard,CATTLE (BEEF) - 25000,34.443611,-101.751666,FALSE,25000,0,25000,Other,PVW,19.08805505,58.9138641,14.95214672,15,63,2,1600,50,1650
TXG921433,Dutch Tex Dairy,699 TOTAL DAIRY CATTLE OF WHICH 699 ARE MILKING DAIRY CATTLE,32.005333,-98.300566,FALSE,699,699,0,Dairy,SEP,16.16503666,66.59409346,19.21894081,19,74,2,96.462,51.726,148
TXG921435,Carrizo Feeders,CATTLE (BEEF) - 40000,36.291666,-103.00833,FALSE,40000,0,40000,Other,DHT,31.76075323,55.54575163,13.08097313,13,55,1,2560,40,2600
TXG921436,Busher Ranch Feedyard,CATTLE (BEEF) - 25000,31.990444,-99.991555,FALSE,25000,0,25000,Other,DYS,30.7267466,65.6606402,18.70035567,19,74,2,1600,50,1650
TXG921437,JBS Live Pork - Panhandle Site,CATTLE (BEEF) - 1000,36.195833,-102.8,FALSE,1000,0,1000,Other,DHT,18.50921925,55.54575163,13.08097313,13,55,1,64,1,65
TXG921441,Descanso Dairy,6750 TOTAL DAIRY CATTLE OF WHICH 4550 ARE MILKING DAIRY CATTLE,33.927222,-101.84472,FALSE,6750,4550,2200,Dairy,PVW,18.14285921,58.9138641,14.95214672,15,63,2,768.7,291.05,1060
TXG921442,Lubbock Feeders,CATTLE (BEEF) - 50000,33.523888,-101.77555,FALSE,50000,0,50000,Other,LBB,10.00943772,61.2621876,16.25677089,16,65,2,3200,100,3300
TXG921444,Early Settlers Farm,CATTLE (BEEF) - 6000,36.079444,-102.02638,FALSE,6000,0,6000,Other,DUX,15.28616017,56.49627032,13.60903906,14,58,1,384,6,390
TXG921445,V B Ranch,9050 TOTAL DAIRY CATTLE OF WHICH 3800 ARE MILKING DAIRY CATTLE,34.266944,-102.19888,FALSE,9050,3800,5250,Dairy,PVW,28.40063953,58.9138641,14.95214672,15,63,2,860.4,249.9,1110
TXG921447,Caviness Packing Feedyard,CATTLE (BEEF) - 3000,34.7762,-102.4443,FALSE,3000,0,3000,Other,HRX,8.747713398,59.51125716,15.28403176,15,63,2,192,6,198
TXG921448,Bovina Dairy,7750 TOTAL DAIRY CATTLE OF WHICH 3500 ARE MILKING DAIRY CATTLE,34.436666,-102.84722,FALSE,7750,3500,4250,Dairy,HRX,41.50584709,59.51125716,15.28403176,15,63,2,755,229,984
TXG921449,North Muleshoe Dairy,8000 TOTAL DAIRY CATTLE OF WHICH 4000 ARE MILKING DAIRY CATTLE,34.270277,-102.65388,FALSE,8000,4000,4000,Dairy,HRX,44.59315053,59.51125716,15.28403176,15,63,2,808,260,1068
TXG921450,Van Der Jagt Farms,699 TOTAL DAIRY CATTLE OF WHICH 0 ARE MILKING DAIRY CATTLE,33.057222,-95.535555,FALSE,699,0,699,Other,SLR,8.611239732,66.23101631,19.01723128,19,74,2,44.736,1.398,46
TXG921452,Sweetwater Creek Dairy,7150 TOTAL DAIRY CATTLE OF WHICH 4250 ARE MILKING DAIRY CATTLE,35.509257,-100.49918,FALSE,7150,4250,2900,Dairy,HHF,27.12765963,59.02858747,15.01588193,15,63,2,772.1,273.55,1046
TXG921456,Frontera Cattle,CATTLE (BEEF) - 67500,34.233333,-102.77111,FALSE,67500,0,67500,Other,HRX,49.95883491,59.51125716,15.28403176,15,63,2,4320,135,4455
TXG921467,Orkney Dairy,999 TOTAL DAIRY CATTLE OF WHICH 999 ARE MILKING DAIRY CATTLE,32.105555,-98.396666,FALSE,999,999,0,Dairy,SEP,14.89880951,66.59409346,19.21894081,19,74,2,137.862,73.926,212
TXG921468,Bovina Cattle,CATTLE (BEEF) - 70000,34.4769,-102.9172,FALSE,70000,0,70000,Other,HRX,42.67689144,59.51125716,15.28403176,15,63,2,4480,140,4620
TXG921469,Dalhart Cattle Feeders,CATTLE (BEEF) - 125000,36.015277,-102.58861,FALSE,125000,0,125000,Other,DHT,2.369236985,55.54575163,13.08097313,13,55,1,8000,125,8125
TXG921471,High Noon Dairy,34500 TOTAL DAIRY CATTLE OF WHICH 6000 ARE MILKING DAIRY CATTLE,34.986666,-102.44166,FALSE,34500,6000,28500,Dairy,HRX,11.03533554,59.51125716,15.28403176,15,63,2,2652,435,3087
TXG921473,Epic Dairy,3800 TOTAL DAIRY CATTLE OF WHICH 3000 ARE MILKING DAIRY CATTLE,35.876111,-102.44611,FALSE,3800,3000,800,Dairy,DHT,11.58278625,55.54575163,13.08097313,13,55,1,465.2,165.8,631
TXG921477,Montecarlo Feedyard,CATTLE (BEEF) - 3000,36.196111,-101.823055,FALSE,3000,0,3000,Other,DUX,25.6242993,56.49627032,13.60903906,14,58,1,192,3,195
TXG921479,Reliable Feeders,CATTLE (BEEF) - 83240,34.233333,-102.78888,FALSE,83240,0,83240,Other,HRX,50.48092743,59.51125716,15.28403176,15,63,2,5327.36,166.48,5494
TXG921480,Big Sky Feedyard,CATTLE (BEEF) - 10000,34.792777,-102.273333,FALSE,10000,0,10000,Other,HRX,5.400898374,59.51125716,15.28403176,15,63,2,640,20,660
TXG921482,Exum Farms West,14000 TOTAL DAIRY CATTLE OF WHICH 7500 ARE MILKING DAIRY CATTLE,36.025277,-102.200277,TRUE,14000,7500,6500,Dairy,DUX,15.59681147,56.49627032,13.60903906,14,58,1,1451,441.5,1892
TXG921483,Mason County Feeders,CATTLE (BEEF) - 8000,30.672777,-99.293333,FALSE,8000,0,8000,Other,JCT,30.31879861,66.98159521,19.43421956,19,74,2,512,16,528
TXG921487,Windmill Dairy,2660 TOTAL DAIRY CATTLE OF WHICH 2225 ARE MILKING DAIRY CATTLE,32.176666,-98.441111,FALSE,2660,2225,435,Dairy,SEP,15.66324401,66.59409346,19.21894081,19,74,2,334.89,165.52,500
TXG921488,Desperado Dairy,10000 TOTAL DAIRY CATTLE OF WHICH 9040 ARE MILKING DAIRY CATTLE,32.201944,-98.445,FALSE,10000,9040,960,Dairy,SEP,15.68784699,66.59409346,19.21894081,19,74,2,1308.96,670.88,1980
TXG921489,Sierra Dairy,5070 TOTAL DAIRY CATTLE OF WHICH 4200 ARE MILKING DAIRY CATTLE,32.1375,-98.425555,FALSE,5070,4200,870,Dairy,SEP,15.48497337,66.59409346,19.21894081,19,74,2,635.28,312.54,948
TXG921490,Crossroads Dairy,4500 TOTAL DAIRY CATTLE OF WHICH 4500 ARE MILKING DAIRY CATTLE,32.205666,-98.3715,FALSE,4500,4500,0,Dairy,SEP,11.37421561,66.59409346,19.21894081,19,74,2,621,333,954
TXG921492,Setting Sun Dairy,14000 TOTAL DAIRY CATTLE OF WHICH 7000 ARE MILKING DAIRY CATTLE,34.087029,-102.415799,FALSE,14000,7000,7000,Dairy,LLN,36.924879,66.48550145,19.15861192,19,74,2,1414,532,1946
TXG921494,Lane Jones Dairy,700 TOTAL DAIRY CATTLE OF WHICH 700 ARE MILKING DAIRY CATTLE,32.115,-98.446,FALSE,700,700,0,Dairy,MKN,16.19421735,65.69135808,18.71742115,19,74,2,96.6,51.8,148
TXG921495,Nortex Feeders,CATTLE (BEEF) - 53750,36.069166,-102.58277,FALSE,53750,0,53750,Other,DHT,3.776405441,55.54575163,13.08097313,13,55,1,3440,53.75,3494
TXG921496,Nortex Feeders Payne Pens,CATTLE (BEEF) - 5000,36.075,-102.58805,FALSE,5000,0,5000,Other,DHT,4.274160999,55.54575163,13.08097313,13,55,1,320,5,325
TXG921501,Decatur Livestock Market,CATTLE (BEEF) - 2234,33.269444,-97.547222,FALSE,2234,0,2234,Other,LUD,2.192848905,65.7875274,18.77084856,19,74,2,142.976,4.468,147
TXG921503,Exum Farms,135650 TOTAL DAIRY CATTLE OF WHICH 38000 ARE MILKING DAIRY CATTLE,36.023888,-102.176111,TRUE,135650,38000,97650,Dairy,DUX,14.64395007,56.49627032,13.60903906,14,58,1,11493.6,2301.65,13795
TXG921505,Dairy Fountain,16100 TOTAL DAIRY CATTLE OF WHICH 7000 ARE MILKING DAIRY CATTLE,34.283888,-101.98083,FALSE,16100,7000,9100,Dairy,PVW,17.06493161,58.9138641,14.95214672,15,63,2,1548.4,459.2,2008
TXG921508,Lindel Dairy,25500 TOTAL DAIRY CATTLE OF WHICH 4000 ARE MILKING DAIRY CATTLE,35.54222,-100.752143,FALSE,25500,4000,21500,Dairy,PPA,14.58894915,59.64590297,15.35883498,15,63,2,1928,295,2223
TXG921510,Wheeler Feeder Series,CATTLE (BEEF) - 90000,35.472777,-100.36,FALSE,90000,0,90000,Other,HHF,29.21436932,59.02858747,15.01588193,15,63,2,5760,180,5940
TXG921511,Two Lakes Land & Cattle,CATTLE (BEEF) - 10000,36.456388,-101.954166,FALSE,10000,0,10000,Other,DUX,41.38890193,56.49627032,13.60903906,14,58,1,640,10,650
TXG921512,Clowdus Dairy,4000 TOTAL DAIRY CATTLE OF WHICH 2000 ARE MILKING DAIRY CATTLE,31.485,-98.295277,FALSE,4000,2000,2000,Dairy,MNZ,15.17223625,67.06540324,19.48077958,19,74,2,404,152,556
TXG921513,Natural Harvest Dairy,3800 TOTAL DAIRY CATTLE OF WHICH 3600 ARE MILKING DAIRY CATTLE,34.404166,-102.916944,FALSE,3800,3600,200,Dairy,HRX,45.93141202,59.51125716,15.28403176,15,63,2,509.6,227.2,737
TXG921517,Lingleville Feedlot,CATTLE (BEEF) - 7335,32.2465,-98.4557,FALSE,7335,0,7335,Other,6P9,15.13454963,65.36641814,18.53689897,19,74,2,469.44,14.67,484
TXG921518,Lazbuddie Feedyard,CATTLE (BEEF) - 27900,34.356388,-102.61972,FALSE,27900,0,27900,Other,HRX,38.39045797,59.51125716,15.28403176,15,63,2,1785.6,55.8,1841
TXG921519,Tierra Blanca Cattle Feeders,CATTLE (BEEF) - 42750,34.865833,-102.444722,FALSE,42750,0,42750,Other,HRX,6.74514596,59.51125716,15.28403176,15,63,2,2736,85.5,2822
TXG921520,Morris Cattle Feeders,CATTLE (BEEF) - 3900,34.809444,-102.30833,FALSE,3900,0,3900,Other,HRX,3.485532014,59.51125716,15.28403176,15,63,2,249.6,7.8,257
TXG921521,CBJ 2,CATTLE (BEEF) - 40000,34.3838,-102.3774,FALSE,40000,0,40000,Other,HRX,32.79939254,59.51125716,15.28403176,15,63,2,2560,80,2640
TXG921522,CBJ Farms,12000 TOTAL DAIRY CATTLE OF WHICH 6200 ARE MILKING DAIRY CATTLE,34.352222,-102.399722,FALSE,12000,6200,5800,Dairy,HRX,35.09665757,59.51125716,15.28403176,15,63,2,1226.8,402.2,1629
TXG921523,Sunrise Farms Hartley,25000 TOTAL DAIRY CATTLE OF WHICH 20000 ARE MILKING DAIRY CATTLE,35.826111,-102.31,FALSE,25000,20000,5000,Dairy,DUX,16.81690115,56.49627032,13.60903906,14,58,1,3080,1165,4245
TXG921525,Blue Nose Cattle North,CATTLE (BEEF) - 34000,34.347777,-102.24666,FALSE,34000,0,34000,Other,PVW,32.72596923,58.9138641,14.95214672,15,63,2,2176,68,2244
TXG921526,Blue Nose Cattle South,CATTLE (BEEF) - 20000,34.346666,-102.24666,FALSE,20000,0,20000,Other,PVW,32.69725903,58.9138641,14.95214672,15,63,2,1280,40,1320
TXG921528,Ruby Red Cattle Company,CATTLE (BEEF) - 15000,36.275277,-100.80166,FALSE,15000,0,15000,Other,PYX,9.989683189,56.45306658,13.58503699,14,58,1,960,15,975
TXG921530,Friendship Dairy 2,6650 TOTAL DAIRY CATTLE OF WHICH 5550 ARE MILKING DAIRY CATTLE,34.909444,-102.43861,FALSE,6650,5550,1100,Dairy,HRX,7.301457353,59.51125716,15.28403176,15,63,2,836.3,351.85,1188
TXG921531,Friendship Dairy 1,3000 TOTAL DAIRY CATTLE OF WHICH 2700 ARE MILKING DAIRY CATTLE,34.913888,-102.415,FALSE,3000,2700,300,Dairy,HRX,6.347490164,59.51125716,15.28403176,15,63,2,391.8,170.7,562
TXG921533,PD4 Cattle Co,CATTLE (BEEF) - 10000,36.035108,-102.581222,FALSE,10000,0,10000,Other,DHT,2.087670586,55.54575163,13.08097313,13,55,1,640,10,650
TXG921534,El Cid Cattle Feedlot,CATTLE (BEEF) - 15000,34.444166,-103.01444,FALSE,15000,0,15000,Other,HRX,48.46461881,59.51125716,15.28403176,15,63,2,960,30,990
TXG921537,Barn Rat Farming,699 TOTAL DAIRY CATTLE OF WHICH 699 ARE MILKING DAIRY CATTLE,32.478055,-97.549722,FALSE,699,699,0,Dairy,CPT,10.92305245,67.23070127,19.57261182,20,78,2,96.462,54.522,151
TXG921538,V&T Land And Cattle,50000 TOTAL DAIRY CATTLE OF WHICH 0 ARE MILKING DAIRY CATTLE,34.883416,-102.32389,FALSE,50000,0,50000,Other,HRX,1.77442392,59.51125716,15.28403176,15,63,2,3200,100,3300
TXG921540,A&E Dairy,1485 TOTAL DAIRY CATTLE OF WHICH 1485 ARE MILKING DAIRY CATTLE,31.90219,-98.52021,FALSE,1485,1485,0,Dairy,MKN,4.847307106,65.69135808,18.71742115,19,74,2,204.93,109.89,315
TXG921543,Moo View Dairy,1349 TOTAL DAIRY CATTLE OF WHICH 850 ARE MILKING DAIRY CATTLE,32.223,-98.413166,FALSE,1349,850,499,Dairy,SEP,13.80434357,66.59409346,19.21894081,19,74,2,149.236,63.898,213
TXG921544,Mid Frisian Farms East,CATTLE (BEEF) - 30000,34.3525,-103.03972,FALSE,30000,0,30000,Other,HRX,53.53286251,59.51125716,15.28403176,15,63,2,1920,60,1980
TXG921545,Coyote Lake Feeders,CATTLE (BEEF) - 36000,34.134722,-102.90444,FALSE,36000,0,36000,Other,LLN,50.45895952,66.48550145,19.15861192,19,74,2,2304,72,2376
TXG921547,Gamblin Dairy,699 TOTAL DAIRY CATTLE OF WHICH 699 ARE MILKING DAIRY CATTLE,33.058055,-95.504444,FALSE,699,699,0,Dairy,SLR,9.709437186,66.23101631,19.01723128,19,74,2,96.462,51.726,148
TXG921548,Outlier Dairy,4500 TOTAL DAIRY CATTLE OF WHICH 2500 ARE MILKING DAIRY CATTLE,31.641944,-100.2325,FALSE,4500,2500,2000,Dairy,SJT,25.29997712,66.7340185,19.29667694,19,74,2,473,189,662
TXG921549,La Perla Land & Livestock,CATTLE (BEEF) - 5000,32.036388,-98.299444,FALSE,5000,0,5000,Other,SEP,14.24793104,66.59409346,19.21894081,19,74,2,320,10,330
TXG921550,7M Cattle Feeders,CATTLE (BEEF) - 115000,34.662792,-102.776545,FALSE,115000,0,115000,Other,HRX,28.9198601,59.51125716,15.28403176,15,63,2,7360,230,7590
TXG921551,Bain Dairy,850 TOTAL DAIRY CATTLE OF WHICH 700 ARE MILKING DAIRY CATTLE,33.0835,-95.396333,FALSE,850,700,150,Dairy,SLR,14.00075922,66.23101631,19.01723128,19,74,2,106.2,52.1,158
TXG921554,Mitchell Feedlot,CATTLE (BEEF) - 5000,33.753888,-98.842777,FALSE,5000,0,5000,Other,CWC,21.50290393,62.89803913,17.16557729,17,68,2,320,10,330
TXG921555,Round X Dairy,999 TOTAL DAIRY CATTLE OF WHICH 899 ARE MILKING DAIRY CATTLE,31.916666,-98.7,FALSE,999,899,100,Dairy,MKN,5.881215923,65.69135808,18.71742115,19,74,2,130.462,66.726,197
TXG921556,Howell Feeders,CATTLE (BEEF) - 15000,34.427222,-102.31777,FALSE,15000,0,15000,Other,HRX,29.68153057,59.51125716,15.28403176,15,63,2,960,30,990
TXG921557,Rogers & Sons II,CATTLE (BEEF) - 38000,34.469267,-102.435119,FALSE,38000,0,38000,Other,HRX,27.48570697,59.51125716,15.28403176,15,63,2,2432,76,2508
TXG921558,Hall Cattle Feeders,CATTLE (BEEF) - 7500,35.224722,-100.13055,FALSE,7500,0,7500,Other,HHF,48.71005771,59.02858747,15.01588193,15,63,2,480,15,495
TXG921559,Renegade Dairy,5200 TOTAL DAIRY CATTLE OF WHICH 2600 ARE MILKING DAIRY CATTLE,36.151111,-100.90166,FALSE,5200,2600,2600,Dairy,E42,17.06235615,57.33552132,14.07528962,14,58,1,525.2,153.4,679
TXG921561,Prairie View Dairy III,6500 TOTAL DAIRY CATTLE OF WHICH 2970 ARE MILKING DAIRY CATTLE,34.228055,-102.820833,FALSE,6500,2970,3530,Dairy,HRX,51.76179855,59.51125716,15.28403176,15,63,2,635.78,194.17,830
TXG921562,Prairie View Dairy,6600 TOTAL DAIRY CATTLE OF WHICH 2500 ARE MILKING DAIRY CATTLE,34.2375,-102.82861,FALSE,6600,2500,4100,Dairy,HRX,51.46178007,59.51125716,15.28403176,15,63,2,607.4,165.7,773
TXG921563,Triangle Cattle,CATTLE (BEEF) - 8200,34.450555,-102.06083,FALSE,8200,0,8200,Other,PVW,27.65647934,58.9138641,14.95214672,15,63,2,524.8,16.4,541
TXG921565,Stephens Feedyard,CATTLE (BEEF) - 15000,34.305555,-102.63027,FALSE,15000,0,15000,Other,HRX,41.82023107,59.51125716,15.28403176,15,63,2,960,30,990
TXG921567,Avi-Lanche Jerseys,8600 TOTAL DAIRY CATTLE OF WHICH 6000 ARE MILKING DAIRY CATTLE,36.235833,-102.5125,FALSE,8600,6000,2600,Dairy,DHT,14.83086053,55.54575163,13.08097313,13,55,1,994.4,332.6,1327
TXG921572,Williams Feedyard,CATTLE (BEEF) - 8940,30.845555,-103.05638,FALSE,8940,0,8940,Other,FST,9.477721488,66.47565643,19.15314246,19,74,2,572.16,17.88,590
TXG921573,North Dumas Farms,72500 TOTAL DAIRY CATTLE OF WHICH 64000 ARE MILKING DAIRY CATTLE,35.959354,-102.078128,TRUE,72500,64000,8500,Dairy,DUX,7.885139894,56.49627032,13.60903906,14,58,1,9376,3720.5,13096
TXG921574,Outlier Dairy South,6123 TOTAL DAIRY CATTLE OF WHICH 6123 ARE MILKING DAIRY CATTLE,31.510555,-100.251111,FALSE,6123,6123,0,Dairy,SJT,18.09441495,66.7340185,19.29667694,19,74,2,844.974,453.102,1298
TXG921575,Sundance Dairy,20000 TOTAL DAIRY CATTLE OF WHICH 3500 ARE MILKING DAIRY CATTLE,31.973611,-98.252777,FALSE,20000,3500,16500,Dairy,SEP,17.22791355,66.59409346,19.21894081,19,74,2,1539,292,1831
TXG921576,Proctor Hill Dairy,2000 TOTAL DAIRY CATTLE OF WHICH 0 ARE MILKING DAIRY CATTLE,31.990136,-98.441154,FALSE,2000,0,2000,Other,MKN,10.50831314,65.69135808,18.71742115,19,74,2,128,4,132
TXG921578,Sugarland Cattle Feeders,CATTLE (BEEF) - 52000,34.807,-102.461,FALSE,52000,0,52000,Other,HRX,8.4120116,59.51125716,15.28403176,15,63,2,3328,104,3432
TXG921579,Rei Cattle,CATTLE (BEEF) - 5000,33.6629,-102.6896,FALSE,5000,0,5000,Other,LLN,19.80622031,66.48550145,19.15861192,19,74,2,320,10,330
TXG921581,Ladera Feeders,CATTLE (BEEF) - 7500,33.105999,-95.370355,FALSE,7500,0,7500,Other,SLR,14.94560177,66.23101631,19.01723128,19,74,2,480,15,495
TXG921582,Whaley Heifer Ranch,1500 TOTAL DAIRY CATTLE OF WHICH 0 ARE MILKING DAIRY CATTLE,31.987777,-98.319722,FALSE,1500,0,1500,Other,MKN,17.1142879,65.69135808,18.71742115,19,74,2,96,3,99
TXG921583,Rose Hill Cattle,CATTLE (BEEF) - 990,32.021666,-98.346666,FALSE,990,0,990,Other,MKN,16.44573544,65.69135808,18.71742115,19,74,2,63.36,1.98,65
TXG921584,Day Star Ranch,3875 TOTAL DAIRY CATTLE OF WHICH 0 ARE MILKING DAIRY CATTLE,31.980277,-98.329722,FALSE,3875,0,3875,Other,MKN,16.41220876,65.69135808,18.71742115,19,74,2,248,7.75,256
TXG921585,Rancho Pepper,12500 TOTAL DAIRY CATTLE OF WHICH 2500 ARE MILKING DAIRY CATTLE,32.056388,-98.403333,FALSE,12500,2500,10000,Dairy,MKN,14.88912598,65.69135808,18.71742115,19,74,2,985,205,1190
TXG921586,Triple C Feeders,CATTLE (BEEF) - 12000,33.6208,-99.4692,FALSE,12000,0,12000,Other,F05,43.02963831,65.41811439,18.56561911,19,74,2,768,24,792
TXG921587,J & J Dairy,3500 TOTAL DAIRY CATTLE OF WHICH 3500 ARE MILKING DAIRY CATTLE,32.001753,-98.30212,FALSE,3500,3500,0,Dairy,SEP,16.42655149,66.59409346,19.21894081,19,74,2,483,259,742
TXG921588,Cotton Lane Dairy,4200 TOTAL DAIRY CATTLE OF WHICH 3100 ARE MILKING DAIRY CATTLE,33.76172,-101.61502,FALSE,4200,3100,1100,Dairy,LBB,13.74378035,61.2621876,16.25677089,16,65,2,498.2,203.7,702
TXG921589,Guess Dairy North,5300 TOTAL DAIRY CATTLE OF WHICH 3000 ARE MILKING DAIRY CATTLE,34.6825,-102.63,FALSE,5300,3000,2300,Dairy,HRX,21.07499648,59.51125716,15.28403176,15,63,2,561.2,193.6,755
TXG921590,L1C Feedyard,CATTLE (BEEF) - 45000,35.9915,-102.8621,FALSE,45000,0,45000,Other,DHT,17.76603426,55.54575163,13.08097313,13,55,1,2880,45,2925
TXG921591,Dry Fork Feedyard,CATTLE (BEEF) - 14900,34.856388,-100.62861,FALSE,14900,0,14900,Other,CDS,34.99335598,62.60556004,17.00308891,17,68,2,953.6,29.8,983
TXG921592,Protocol Farms,CATTLE (BEEF) - 4100,33.4088,-97.961,FALSE,4100,0,4100,Other,0F2,17.06777408,63.679886,17.59993667,18,71,2,262.4,8.2,271
TXG921593,Keith Cattle,CATTLE (BEEF) - 2500,30.308055,-97.030277,FALSE,2500,0,2500,Other,GYB,9.9737468,68.49523682,20.27513157,20,78,2,160,5,165
TXG921595,Busby Dairy,998 TOTAL DAIRY CATTLE OF WHICH 850 ARE MILKING DAIRY CATTLE,32.974166,-95.364166,FALSE,998,850,148,Dairy,JDD,17.74104883,65.61417063,18.67453924,19,74,2,126.772,63.196,190
TXG921596,III Agri Enterprises,CATTLE (BEEF) - 36000,33.602222,-102.18527,FALSE,36000,0,36000,Other,LLN,11.33149281,66.48550145,19.15861192,19,74,2,2304,72,2376
TXG921597,Bricker Trading,CATTLE (BEEF) - 10000,33.576111,-99.225277,FALSE,10000,0,10000,Other,F05,44.89540125,65.41811439,18.56561911,19,74,2,640,20,660
TXG921598,Froese Custom Harvest Feedlot,CATTLE (BEEF) - 30000,36.35,-101.83444,FALSE,30000,0,30000,Other,DUX,35.36296679,56.49627032,13.60903906,14,58,1,1920,30,1950
TXG921599,Southern Livestock,CATTLE (BEEF) - 4000,29.531388,-97.539722,FALSE,4000,0,4000,Other,T20,4.723450283,70.16568014,21.20315564,21,81,2,256,8,264
TXG921600,Beukeboom Ranch,1350 TOTAL DAIRY CATTLE OF WHICH 0 ARE MILKING DAIRY CATTLE,32.045,-98.356666,FALSE,1350,0,1350,Other,SEP,15.74432925,66.59409346,19.21894081,19,74,2,86.4,2.7,89
TXG921601,M2F Cattle,CATTLE (BEEF) - 6756,31.94,-98.248333,FALSE,6756,0,6756,Other,SEP,19.41862786,66.59409346,19.21894081,19,74,2,432.384,13.512,446
TXG921603,Morris Stock Farm,CATTLE (BEEF) - 9500,36.154166,-101.62388,FALSE,9500,0,9500,Other,E42,24.43734366,57.33552132,14.07528962,14,58,1,608,9.5,618
TXG921604,TMC Dairies,17000 TOTAL DAIRY CATTLE OF WHICH 6000 ARE MILKING DAIRY CATTLE,35.814515,-102.395771,FALSE,17000,6000,11000,Dairy,DHT,16.67344656,55.54575163,13.08097313,13,55,1,1532,341,1873
TXG921605,4 Mile Dairy,7200 TOTAL DAIRY CATTLE OF WHICH 4000 ARE MILKING DAIRY CATTLE,34.8972,-102.3997,FALSE,7200,4000,3200,Dairy,HRX,4.972378533,59.51125716,15.28403176,15,63,2,756.8,258.4,1015
TXG921606,Lazy T Feeders,CATTLE (BEEF) - 2000,36.365,-103.02527,FALSE,2000,0,2000,Other,DHT,35.65100294,55.54575163,13.08097313,13,55,1,128,2,130
TXG921607,Vista Grande Dairy,10600 TOTAL DAIRY CATTLE OF WHICH 4600 ARE MILKING DAIRY CATTLE,34.106666,-101.67694,FALSE,10600,4600,6000,Dairy,PVW,4.829109072,58.9138641,14.95214672,15,63,2,1018.8,301.8,1321
TXG921609,Rogers & Sons III,CATTLE (BEEF) - 4000,34.778333,-102.4775,FALSE,4000,0,4000,Other,HRX,10.18574411,59.51125716,15.28403176,15,63,2,256,8,264
TXG921610,Sandhill Dairy,4700 TOTAL DAIRY CATTLE OF WHICH 2100 ARE MILKING DAIRY CATTLE,34.276666,-102.76,FALSE,4700,2100,2600,Dairy,HRX,47.07052934,59.51125716,15.28403176,15,63,2,456.2,137.5,594
TXG921612,Cobalt Cattle Tulia,CATTLE (BEEF) - 67500,34.457361,-101.94766,FALSE,67500,0,67500,Other,PVW,23.8937742,58.9138641,14.95214672,15,63,2,4320,135,4455
TXG921613,Cobalt Cattle Hereford,CATTLE (BEEF) - 45000,34.965874,-102.60521,FALSE,45000,0,45000,Other,HRX,17.49785209,59.51125716,15.28403176,15,63,2,2880,90,2970
TXG921614,KT Dairy,2800 TOTAL DAIRY CATTLE OF WHICH 2800 ARE MILKING DAIRY CATTLE,31.427097,-98.386231,FALSE,2800,2800,0,Dairy,MNZ,21.61653797,67.06540324,19.48077958,19,74,2,386.4,207.2,594
TXG921615,Hall Family Feeders,CATTLE (BEEF) - 14000,35.81,-100.39611,FALSE,14000,0,14000,Other,HHF,5.877035088,59.02858747,15.01588193,15,63,2,896,28,924
TXG921616,Prime Start Feeders,CATTLE (BEEF) - 12000,35.108055,-102.39416,FALSE,12000,0,12000,Other,HRX,17.6770812,59.51125716,15.28403176,15,63,2,768,24,792
TXG921617,HJ & Co Feeders,CATTLE (BEEF) - 45000,33.677777,-102.67583,FALSE,45000,0,45000,Other,LLN,19.50580734,66.48550145,19.15861192,19,74,2,2880,90,2970
TXG921618,Little River Ranch,CATTLE (BEEF) - 30000,30.834722,-96.831666,FALSE,30000,0,30000,Other,T35,8.838711678,69.31777357,20.73209643,21,81,2,1920,60,1980
TXG921619,R Way Farms,CATTLE (BEEF) - 6000,36.465636,-102.828889,FALSE,6000,0,6000,Other,DHT,34.35910418,55.54575163,13.08097313,13,55,1,384,6,390
TXG921620,Lingleville Feeders,CATTLE (BEEF) - 1500,32.243055,-98.355,FALSE,1500,0,1500,Other,SEP,10.56023206,66.59409346,19.21894081,19,74,2,96,3,99
TXG921621,South Dumas Farms,55500 TOTAL DAIRY CATTLE OF WHICH 37000 ARE MILKING DAIRY CATTLE,35.9462,-102.0922,TRUE,55500,37000,18500,Dairy,DUX,7.530991222,56.49627032,13.60903906,14,58,1,6290,2164.5,8454
TXG921622,Staude Dairy,699 TOTAL DAIRY CATTLE OF WHICH 699 ARE MILKING DAIRY CATTLE,32.281111,-98.448611,FALSE,699,699,0,Dairy,6P9,13.44460933,65.36641814,18.53689897,19,74,2,96.462,51.726,148
TXG921623,J J Dairy,1470 TOTAL DAIRY CATTLE OF WHICH 1470 ARE MILKING DAIRY CATTLE,32.938611,-95.565,FALSE,1470,1470,0,Dairy,JDD,14.10963211,65.61417063,18.67453924,19,74,2,202.86,108.78,312
TXG921624,Outpost 76 I,1485 TOTAL DAIRY CATTLE OF WHICH 1115 ARE MILKING DAIRY CATTLE,33.083611,-95.432777,FALSE,1485,1115,370,Dairy,SLR,12.06586643,66.23101631,19.01723128,19,74,2,177.55,83.25,261
TXG921625,Omega Feeders,CATTLE (BEEF) - 6000,34.381388,-102.63111,FALSE,6000,0,6000,Other,HRX,37.14463199,59.51125716,15.28403176,15,63,2,384,12,396
TXG921626,Outpost 76 II,599 TOTAL DAIRY CATTLE OF WHICH 0 ARE MILKING DAIRY CATTLE,33.111388,-95.463055,FALSE,599,0,599,Other,SLR,9.696756946,66.23101631,19.01723128,19,74,2,38.336,1.198,40
TXG921627,Agri Research Center,CATTLE (BEEF) - 3000,35.033611,-101.97055,FALSE,3000,0,3000,Other,AMA,19.71284476,57.48845192,14.16025106,14,58,1,192,3,195
TXG921628,Hogg Dairy,7700 TOTAL DAIRY CATTLE OF WHICH 4000 ARE MILKING DAIRY CATTLE,33.555833,-99.793803,FALSE,7700,4000,3700,Dairy,F05,54.68876748,65.41811439,18.56561911,19,74,2,788.8,303.4,1092
TXG921629,Hornbuckle Heifer Ranch,3000 TOTAL DAIRY CATTLE OF WHICH 0 ARE MILKING DAIRY CATTLE,33.009166,-95.499722,FALSE,3000,0,3000,Other,SLR,12.51940608,66.23101631,19.01723128,19,74,2,192,6,198
TXG921630,Spartan Feeders,CATTLE (BEEF) - 12300,32.999722,-101.53333,FALSE,12300,0,12300,Other,LUV,28.06165882,63.2172865,17.34293695,17,68,2,787.2,24.6,812
TXG921631,Thousand Hills Farm Legacy Division,990 TOTAL DAIRY CATTLE OF WHICH 990 ARE MILKING DAIRY CATTLE,32.022916,-98.35325,FALSE,990,990,0,Dairy,MKN,16.13428713,65.69135808,18.71742115,19,74,2,136.62,73.26,210
TXG921632,High Lonesome Dairy,9500 TOTAL DAIRY CATTLE OF WHICH 4000 ARE MILKING DAIRY CATTLE,34.952591,-102.434426,FALSE,9500,4000,5500,Dairy,HRX,8.964330604,59.51125716,15.28403176,15,63,2,904,263,1167
TXG921633,Shiloh Ranch,1800 TOTAL DAIRY CATTLE OF WHICH 0 ARE MILKING DAIRY CATTLE,31.859722,-98.501111,FALSE,1800,0,1800,Other,MKN,7.14441155,65.69135808,18.71742115,19,74,2,115.2,3.6,119
TXG921635,PX Feeders,CATTLE (BEEF) - 9700,31.511569,-98.266744,FALSE,9700,0,9700,Other,MNZ,12.71285265,67.06540324,19.48077958,19,74,2,620.8,19.4,640
TXG921636,BF2,CATTLE (BEEF) - 37000,34.483055,-102.73722,FALSE,37000,0,37000,Other,HRX,34.84937856,59.51125716,15.28403176,15,63,2,2368,74,2442
TXG921637,Lone Star Organic Dairy,4500 TOTAL DAIRY CATTLE OF WHICH 3000 ARE MILKING DAIRY CATTLE,32.760555,-95.993055,FALSE,4500,3000,1500,Dairy,TRL,16.50172317,65.49145316,18.60636286,19,74,2,510,225,735
TXG921638,Peter K And Mary L Letkeman Joint Venture,CATTLE (BEEF) - 3000,33.330106,-102.375557,FALSE,3000,0,3000,Other,LLN,15.32790275,66.48550145,19.15861192,19,74,2,192,6,198
TXG921639,Red Rock Dairy,20000 TOTAL DAIRY CATTLE OF WHICH 8000 ARE MILKING DAIRY CATTLE,34.097222,-102.36805,FALSE,20000,8000,12000,Dairy,LLN,37.54419836,66.48550145,19.15861192,19,74,2,1872,616,2488
TXG921640,La Babia Cattle Feeders,CATTLE (BEEF) - 25500,28.890277,-100.57,FALSE,25500,0,25500,Other,5T9,4.117171469,70.79772227,21.55429015,22,85,2,1632,51,1683
TXG921641,F Troop Feeders East,CATTLE (BEEF) - 18000,34.989166,-102.23361,FALSE,18000,0,18000,Other,HRX,10.47944595,59.51125716,15.28403176,15,63,2,1152,36,1188
TXG921645,Zia Land And Cattle,1300 TOTAL DAIRY CATTLE OF WHICH 1300 ARE MILKING DAIRY CATTLE,31.886111,-98.528888,FALSE,1300,1300,0,Dairy,MKN,4.787737603,65.69135808,18.71742115,19,74,2,179.4,96.2,276
TXG921646,3 Bar V Cattle,CATTLE (BEEF) - 6000,34.395833,-102.30277,FALSE,6000,0,6000,Other,HRX,31.86953334,59.51125716,15.28403176,15,63,2,384,12,396
TXG921647,Van Der Jagt Feeders,CATTLE (BEEF) - 7500,33.105999,-95.370355,FALSE,7500,0,7500,Other,SLR,14.94560177,66.23101631,19.01723128,19,74,2,480,15,495